file_name,file_path,sample_rate,duration,rms_4s,rms_5s,energy_ratio_4s_to_5s,peak_4s,peak_5s,global_peak,peak_ratio_4s_to_global,classification
cycle_002669_NORMAL.wav,C:\Users\Z0343409\OneDrive - ZF Friedrichshafen AG\Desktop\实验音频\cangku\realtime_wav\normal\cycle_002669_NORMAL.wav,44100,8.0,1.4648877207182141e-05,0.0033430313480808742,0.004381914401009606,6.103515625e-05,0.02490234375,0.02490234375,0.0024509803921568627,保留
cycle_002699_NORMAL.wav,C:\Users\Z0343409\OneDrive - ZF Friedrichshafen AG\Desktop\实验音频\cangku\realtime_wav\normal\cycle_002699_NORMAL.wav,44100,8.0,1.461279173001136e-05,0.003491000373699083,0.004185846509815055,6.103515625e-05,0.040069580078125,0.040069580078125,0.0015232292460015233,保留
cycle_002700_NORMAL.wav,C:\Users\Z0343409\OneDrive - ZF Friedrichshafen AG\Desktop\实验音频\cangku\realtime_wav\normal\cycle_002700_NORMAL.wav,44100,8.0,1.4636257410310063e-05,0.0034643051400005355,0.004224875355612526,6.103515625e-05,0.035430908203125,0.035430908203125,0.0017226528854435831,保留
cycle_002702_NORMAL.wav,C:\Users\Z0343409\OneDrive - ZF Friedrichshafen AG\Desktop\实验音频\cangku\realtime_wav\normal\cycle_002702_NORMAL.wav,44100,8.0,1.4622724113462981e-05,0.0034696558165917472,0.004214459556344964,3.0517578125e-05,0.04058837890625,0.04058837890625,0.0007518796992481203,保留
cycle_002704_NORMAL.wav,C:\Users\Z0343409\OneDrive - ZF Friedrichshafen AG\Desktop\实验音频\cangku\realtime_wav\normal\cycle_002704_NORMAL.wav,44100,8.0,1.760809154118512e-05,0.0034199200652507925,0.005148685116970378,9.1552734375e-05,0.032684326171875,0.032684326171875,0.0028011204481792717,保留
cycle_002706_NORMAL.wav,C:\Users\Z0343409\OneDrive - ZF Friedrichshafen AG\Desktop\实验音频\cangku\realtime_wav\normal\cycle_002706_NORMAL.wav,44100,8.0,1.460104474777762e-05,0.003183874173545287,0.0045859364886644246,6.103515625e-05,0.0267333984375,0.0267333984375,0.00228310502283105,保留
cycle_002708_NORMAL.wav,C:\Users\Z0343409\OneDrive - ZF Friedrichshafen AG\Desktop\实验音频\cangku\realtime_wav\normal\cycle_002708_NORMAL.wav,44100,8.0,1.4632649754990209e-05,0.0031145792844823285,0.004698114389925473,3.0517578125e-05,0.035858154296875,0.035858154296875,0.000851063829787234,保留
cycle_002710_NORMAL.wav,C:\Users\Z0343409\OneDrive - ZF Friedrichshafen AG\Desktop\实验音频\cangku\realtime_wav\normal\cycle_002710_NORMAL.wav,44100,8.0,1.4899028573567648e-05,0.0032783113002296327,0.004544726601321854,6.103515625e-05,0.027069091796875,0.027069091796875,0.002254791431792559,保留
cycle_002712_NORMAL.wav,C:\Users\Z0343409\OneDrive - ZF Friedrichshafen AG\Desktop\实验音频\cangku\realtime_wav\normal\cycle_002712_NORMAL.wav,44100,8.0,1.461369495291484e-05,0.0029434103890229528,0.004964885293404759,3.0517578125e-05,0.023834228515625,0.023834228515625,0.0012804097311139564,保留
cycle_002714_NORMAL.wav,C:\Users\Z0343409\OneDrive - ZF Friedrichshafen AG\Desktop\实验音频\cangku\realtime_wav\normal\cycle_002714_NORMAL.wav,44100,8.0,1.4604660210194746e-05,0.002902067770776656,0.005032501431310898,6.103515625e-05,0.026214599609375,0.026214599609375,0.002328288707799767,保留
cycle_002716_NORMAL.wav,C:\Users\Z0343409\OneDrive - ZF Friedrichshafen AG\Desktop\实验音频\cangku\realtime_wav\normal\cycle_002716_NORMAL.wav,44100,8.0,1.4635355579851689e-05,0.0033029216665545445,0.004431033205555436,6.103515625e-05,0.022857666015625,0.022857666015625,0.0026702269692923898,保留
cycle_002718_NORMAL.wav,C:\Users\Z0343409\OneDrive - ZF Friedrichshafen AG\Desktop\实验音频\cangku\realtime_wav\normal\cycle_002718_NORMAL.wav,44100,8.0,1.4656984195957339e-05,0.0029765877189279434,0.004924089454093509,3.0517578125e-05,0.027130126953125,0.027130126953125,0.0011248593925759281,保留
cycle_002720_NORMAL.wav,C:\Users\Z0343409\OneDrive - ZF Friedrichshafen AG\Desktop\实验音频\cangku\realtime_wav\normal\cycle_002720_NORMAL.wav,44100,8.0,1.4637159185204503e-05,0.003006083690870028,0.004869178868725435,6.103515625e-05,0.027069091796875,0.027069091796875,0.002254791431792559,保留
cycle_002722_NORMAL.wav,C:\Users\Z0343409\OneDrive - ZF Friedrichshafen AG\Desktop\实验音频\cangku\realtime_wav\normal\cycle_002722_NORMAL.wav,44100,8.0,1.4629943429683319e-05,0.0031255482612516025,0.004680760687990422,6.103515625e-05,0.027069091796875,0.027069091796875,0.002254791431792559,保留
cycle_002724_NORMAL.wav,C:\Users\Z0343409\OneDrive - ZF Friedrichshafen AG\Desktop\实验音频\cangku\realtime_wav\normal\cycle_002724_NORMAL.wav,44100,8.0,1.4622724113462981e-05,0.0030381242051226443,0.004813076466329883,6.103515625e-05,0.025360107421875,0.025360107421875,0.0024067388688327317,保留
cycle_002726_NORMAL.wav,C:\Users\Z0343409\OneDrive - ZF Friedrichshafen AG\Desktop\实验音频\cangku\realtime_wav\normal\cycle_002726_NORMAL.wav,44100,8.0,1.4671385559486467e-05,0.0033082771753855144,0.004434751014408824,6.103515625e-05,0.028045654296875,0.028045654296875,0.002176278563656148,保留
cycle_002727_NORMAL.wav,C:\Users\Z0343409\OneDrive - ZF Friedrichshafen AG\Desktop\实验音频\cangku\realtime_wav\normal\cycle_002727_NORMAL.wav,44100,8.0,1.4615501231267071e-05,0.0031729243602117273,0.004606318831468074,6.103515625e-05,0.02734375,0.02734375,0.002232142857142857,保留
cycle_002729_NORMAL.wav,C:\Users\Z0343409\OneDrive - ZF Friedrichshafen AG\Desktop\实验音频\cangku\realtime_wav\normal\cycle_002729_NORMAL.wav,44100,8.0,1.4657884695709116e-05,0.0033603309479815786,0.004362036038299604,6.103515625e-05,0.024688720703125,0.024688720703125,0.002472187886279357,保留
cycle_002730_NORMAL.wav,C:\Users\Z0343409\OneDrive - ZF Friedrichshafen AG\Desktop\实验音频\cangku\realtime_wav\normal\cycle_002730_NORMAL.wav,44100,8.0,1.4626334216990016e-05,0.0030320452717056755,0.004823916830490456,3.0517578125e-05,0.02984619140625,0.02984619140625,0.0010224948875255625,保留
cycle_002732_NORMAL.wav,C:\Users\Z0343409\OneDrive - ZF Friedrichshafen AG\Desktop\实验音频\cangku\realtime_wav\normal\cycle_002732_NORMAL.wav,44100,8.0,1.475749861333204e-05,0.003073809298665285,0.004801045601540755,6.103515625e-05,0.02490234375,0.02490234375,0.0024509803921568627,保留
cycle_002734_NORMAL.wav,C:\Users\Z0343409\OneDrive - ZF Friedrichshafen AG\Desktop\实验音频\cangku\realtime_wav\normal\cycle_002734_NORMAL.wav,44100,8.0,1.462091872743061e-05,0.0034108586634651666,0.0042865800579895315,6.103515625e-05,0.026824951171875,0.026824951171875,0.0022753128555176336,保留
cycle_002735_NORMAL.wav,C:\Users\Z0343409\OneDrive - ZF Friedrichshafen AG\Desktop\实验音频\cangku\realtime_wav\normal\cycle_002735_NORMAL.wav,44100,8.0,1.4625431774649684e-05,0.002971371485759615,0.0049221148701003884,6.103515625e-05,0.021453857421875,0.021453857421875,0.002844950213371266,保留
cycle_002738_NORMAL.wav,C:\Users\Z0343409\OneDrive - ZF Friedrichshafen AG\Desktop\实验音频\cangku\realtime_wav\normal\cycle_002738_NORMAL.wav,44100,8.0,1.461369495291484e-05,0.0032872095228214508,0.004445623210646984,3.0517578125e-05,0.028594970703125,0.028594970703125,0.0010672358591248667,保留
cycle_002739_NORMAL.wav,C:\Users\Z0343409\OneDrive - ZF Friedrichshafen AG\Desktop\实验音频\cangku\realtime_wav\normal\cycle_002739_NORMAL.wav,44100,8.0,1.4646173880390045e-05,0.003185791583064647,0.00459734213570268,6.103515625e-05,0.02197265625,0.02197265625,0.002777777777777778,保留
cycle_002741_NORMAL.wav,C:\Users\Z0343409\OneDrive - ZF Friedrichshafen AG\Desktop\实验音频\cangku\realtime_wav\normal\cycle_002741_NORMAL.wav,44100,8.0,1.517465105148452e-05,0.003525578328513805,0.0043041593853571656,6.103515625e-05,0.026947021484375,0.026947021484375,0.0022650056625141564,保留
cycle_002743_NORMAL.wav,C:\Users\Z0343409\OneDrive - ZF Friedrichshafen AG\Desktop\实验音频\cangku\realtime_wav\normal\cycle_002743_NORMAL.wav,44100,8.0,1.8784634568890766e-05,0.003180657545005819,0.0059058965962512635,0.0001220703125,0.02197265625,0.02197265625,0.005555555555555556,保留
cycle_002745_NORMAL.wav,C:\Users\Z0343409\OneDrive - ZF Friedrichshafen AG\Desktop\实验音频\cangku\realtime_wav\normal\cycle_002745_NORMAL.wav,44100,8.0,1.5250136502086354e-05,0.0029904882711108698,0.00509954733794071,6.103515625e-05,0.023284912109375,0.023284912109375,0.002621231979030144,保留
cycle_002747_NORMAL.wav,C:\Users\Z0343409\OneDrive - ZF Friedrichshafen AG\Desktop\实验音频\cangku\realtime_wav\normal\cycle_002747_NORMAL.wav,44100,8.0,1.7280467001714504e-05,0.0031448825013720796,0.005494789390120367,6.103515625e-05,0.023956298828125,0.023956298828125,0.0025477707006369425,保留
cycle_002748_NORMAL.wav,C:\Users\Z0343409\OneDrive - ZF Friedrichshafen AG\Desktop\实验音频\cangku\realtime_wav\normal\cycle_002748_NORMAL.wav,44100,8.0,1.4874202752937608e-05,0.0027480109675434156,0.005412715934767321,6.103515625e-05,0.02392578125,0.02392578125,0.002551020408163265,保留
cycle_002750_NORMAL.wav,C:\Users\Z0343409\OneDrive - ZF Friedrichshafen AG\Desktop\实验音频\cangku\realtime_wav\normal\cycle_002750_NORMAL.wav,44100,8.0,1.6425221115050273e-05,0.0031805170884202138,0.005164324120392889,6.103515625e-05,0.02117919921875,0.02117919921875,0.002881844380403458,保留
cycle_002751_NORMAL.wav,C:\Users\Z0343409\OneDrive - ZF Friedrichshafen AG\Desktop\实验音频\cangku\realtime_wav\normal\cycle_002751_NORMAL.wav,44100,8.0,3.401546924001236e-05,0.003130724987260522,0.010865045437854607,0.000213623046875,0.0267333984375,0.0267333984375,0.007990867579908675,保留
cycle_002753_NORMAL.wav,C:\Users\Z0343409\OneDrive - ZF Friedrichshafen AG\Desktop\实验音频\cangku\realtime_wav\normal\cycle_002753_NORMAL.wav,44100,8.0,1.4638962568342647e-05,0.00327134523981792,0.004474906038702732,3.0517578125e-05,0.034942626953125,0.034942626953125,0.0008733624454148472,保留
cycle_002755_NORMAL.wav,C:\Users\Z0343409\OneDrive - ZF Friedrichshafen AG\Desktop\实验音频\cangku\realtime_wav\normal\cycle_002755_NORMAL.wav,44100,8.0,1.886316716484058e-05,0.003102559272928219,0.006079873261224556,0.000152587890625,0.029937744140625,0.029937744140625,0.0050968399592252805,保留
cycle_002757_NORMAL.wav,C:\Users\Z0343409\OneDrive - ZF Friedrichshafen AG\Desktop\实验音频\cangku\realtime_wav\normal\cycle_002757_NORMAL.wav,44100,8.0,1.8387658793581003e-05,0.003433514709198515,0.0053553458630364315,0.000213623046875,0.040863037109375,0.040863037109375,0.005227781926811053,保留
cycle_002759_NORMAL.wav,C:\Users\Z0343409\OneDrive - ZF Friedrichshafen AG\Desktop\实验音频\cangku\realtime_wav\normal\cycle_002759_NORMAL.wav,44100,8.0,1.5262248713165135e-05,0.0033591375785209814,0.004543502121126298,6.103515625e-05,0.032135009765625,0.032135009765625,0.001899335232668566,保留
cycle_002761_NORMAL.wav,C:\Users\Z0343409\OneDrive - ZF Friedrichshafen AG\Desktop\实验音频\cangku\realtime_wav\normal\cycle_002761_NORMAL.wav,44100,8.0,1.4751236527741496e-05,0.003131767324023085,0.004710195554627596,6.103515625e-05,0.0281982421875,0.0281982421875,0.0021645021645021645,保留
cycle_002763_NORMAL.wav,C:\Users\Z0343409\OneDrive - ZF Friedrichshafen AG\Desktop\实验音频\cangku\realtime_wav\normal\cycle_002763_NORMAL.wav,44100,8.0,1.4661486141634644e-05,0.00297967594477197,0.004920496863881843,6.103515625e-05,0.02215576171875,0.02215576171875,0.0027548209366391185,保留
cycle_002765_NORMAL.wav,C:\Users\Z0343409\OneDrive - ZF Friedrichshafen AG\Desktop\实验音频\cangku\realtime_wav\normal\cycle_002765_NORMAL.wav,44100,8.0,1.481017384165206e-05,0.0029916476644870505,0.004950507380083283,6.103515625e-05,0.0303955078125,0.0303955078125,0.002008032128514056,保留
cycle_002766_NORMAL.wav,C:\Users\Z0343409\OneDrive - ZF Friedrichshafen AG\Desktop\实验音频\cangku\realtime_wav\normal\cycle_002766_NORMAL.wav,44100,8.0,5.448671297522104e-05,0.0034613661206758235,0.01574138969285995,0.000518798828125,0.031768798828125,0.031768798828125,0.01633045148895293,保留
cycle_002768_NORMAL.wav,C:\Users\Z0343409\OneDrive - ZF Friedrichshafen AG\Desktop\实验音频\cangku\realtime_wav\normal\cycle_002768_NORMAL.wav,44100,8.0,1.4928234574030354e-05,0.002796147340045119,0.005338858349928538,6.103515625e-05,0.02001953125,0.02001953125,0.003048780487804878,保留
cycle_002770_NORMAL.wav,C:\Users\Z0343409\OneDrive - ZF Friedrichshafen AG\Desktop\实验音频\cangku\realtime_wav\normal\cycle_002770_NORMAL.wav,44100,8.0,1.4645272660570689e-05,0.0032343216647843323,0.00452808167475428,6.103515625e-05,0.020111083984375,0.020111083984375,0.0030349013657056147,保留
cycle_002772_NORMAL.wav,C:\Users\Z0343409\OneDrive - ZF Friedrichshafen AG\Desktop\实验音频\cangku\realtime_wav\normal\cycle_002772_NORMAL.wav,44100,8.0,1.541284825755979e-05,0.0032315776885023955,0.004769450015822624,6.103515625e-05,0.019927978515625,0.019927978515625,0.0030627871362940277,保留
cycle_002774_NORMAL.wav,C:\Users\Z0343409\OneDrive - ZF Friedrichshafen AG\Desktop\实验音频\cangku\realtime_wav\normal\cycle_002774_NORMAL.wav,44100,8.0,1.4614598119996629e-05,0.0032810645655060597,0.004454224483614368,6.103515625e-05,0.019317626953125,0.019317626953125,0.00315955766192733,保留
cycle_002776_NORMAL.wav,C:\Users\Z0343409\OneDrive - ZF Friedrichshafen AG\Desktop\实验音频\cangku\realtime_wav\normal\cycle_002776_NORMAL.wav,44100,8.0,1.4628138934649668e-05,0.0031523687984755387,0.004640364078506209,6.103515625e-05,0.018402099609375,0.018402099609375,0.003316749585406302,保留
cycle_002778_NORMAL.wav,C:\Users\Z0343409\OneDrive - ZF Friedrichshafen AG\Desktop\实验音频\cangku\realtime_wav\normal\cycle_002778_NORMAL.wav,44100,8.0,1.4751236527741496e-05,0.0032986423010291093,0.004471911526490584,6.103515625e-05,0.019012451171875,0.019012451171875,0.0032102728731942215,保留
cycle_002780_NORMAL.wav,C:\Users\Z0343409\OneDrive - ZF Friedrichshafen AG\Desktop\实验音频\cangku\realtime_wav\normal\cycle_002780_NORMAL.wav,44100,8.0,1.4667786544208598e-05,0.0029288691447994565,0.005008003368895103,6.103515625e-05,0.0216064453125,0.0216064453125,0.002824858757062147,保留
cycle_002782_NORMAL.wav,C:\Users\Z0343409\OneDrive - ZF Friedrichshafen AG\Desktop\实验音频\cangku\realtime_wav\normal\cycle_002782_NORMAL.wav,44100,8.0,1.5717276639294495e-05,0.0031330564494197037,0.005016595421447196,6.103515625e-05,0.0189208984375,0.0189208984375,0.0032258064516129032,保留
cycle_002784_NORMAL.wav,C:\Users\Z0343409\OneDrive - ZF Friedrichshafen AG\Desktop\实验音频\cangku\realtime_wav\normal\cycle_002784_NORMAL.wav,44100,8.0,1.4691164383486924e-05,0.00329194848181633,0.004462756469196348,6.103515625e-05,0.02166748046875,0.02166748046875,0.0028169014084507044,保留
cycle_002786_NORMAL.wav,C:\Users\Z0343409\OneDrive - ZF Friedrichshafen AG\Desktop\实验音频\cangku\realtime_wav\normal\cycle_002786_NORMAL.wav,44100,8.0,1.4628138934649668e-05,0.003663294034275368,0.0039931653855198234,3.0517578125e-05,0.019989013671875,0.019989013671875,0.0015267175572519084,保留
cycle_002788_NORMAL.wav,C:\Users\Z0343409\OneDrive - ZF Friedrichshafen AG\Desktop\实验音频\cangku\realtime_wav\normal\cycle_002788_NORMAL.wav,44100,8.0,1.4655183030457948e-05,0.003357156505088007,0.0043653559219675895,6.103515625e-05,0.0186767578125,0.0186767578125,0.0032679738562091504,保留
cycle_002790_NORMAL.wav,C:\Users\Z0343409\OneDrive - ZF Friedrichshafen AG\Desktop\实验音频\cangku\realtime_wav\normal\cycle_002790_NORMAL.wav,44100,8.0,1.5389709046705062e-05,0.0032526545257239295,0.004731430566939734,6.103515625e-05,0.01953125,0.01953125,0.003125,保留
cycle_002791_NORMAL.wav,C:\Users\Z0343409\OneDrive - ZF Friedrichshafen AG\Desktop\实验音频\cangku\realtime_wav\normal\cycle_002791_NORMAL.wav,44100,8.0,1.4645272660570689e-05,0.0028895295747551654,0.005068393412035454,6.103515625e-05,0.019134521484375,0.019134521484375,0.003189792663476874,保留
cycle_002793_NORMAL.wav,C:\Users\Z0343409\OneDrive - ZF Friedrichshafen AG\Desktop\实验音频\cangku\realtime_wav\normal\cycle_002793_NORMAL.wav,44100,8.0,1.5090918575319768e-05,0.0032745663608773463,0.004608524278395291,6.103515625e-05,0.019195556640625,0.019195556640625,0.003179650238473768,保留
cycle_002803_NORMAL.wav,C:\Users\Z0343409\OneDrive - ZF Friedrichshafen AG\Desktop\实验音频\cangku\realtime_wav\normal\cycle_002803_NORMAL.wav,44100,8.0,1.512499080003631e-05,0.0032262169114326746,0.004688150615799641,6.103515625e-05,0.020294189453125,0.020294189453125,0.0030075187969924814,保留
cycle_002809_NORMAL.wav,C:\Users\Z0343409\OneDrive - ZF Friedrichshafen AG\Desktop\实验音频\cangku\realtime_wav\normal\cycle_002809_NORMAL.wav,44100,8.0,1.5043614250248338e-05,0.0032725924023537674,0.00459684934776125,6.103515625e-05,0.02081298828125,0.02081298828125,0.002932551319648094,保留
cycle_002810_NORMAL.wav,C:\Users\Z0343409\OneDrive - ZF Friedrichshafen AG\Desktop\实验音频\cangku\realtime_wav\normal\cycle_002810_NORMAL.wav,44100,8.0,1.4767333668481269e-05,0.003441778403856948,0.0042906114036663735,6.103515625e-05,0.019012451171875,0.019012451171875,0.0032102728731942215,保留
cycle_002815_NORMAL.wav,C:\Users\Z0343409\OneDrive - ZF Friedrichshafen AG\Desktop\实验音频\cangku\realtime_wav\normal\cycle_002815_NORMAL.wav,44100,8.0,1.4687570214776626e-05,0.003249132415020077,0.004520459106830791,6.103515625e-05,0.02142333984375,0.02142333984375,0.002849002849002849,保留
cycle_002816_NORMAL.wav,C:\Users\Z0343409\OneDrive - ZF Friedrichshafen AG\Desktop\实验音频\cangku\realtime_wav\normal\cycle_002816_NORMAL.wav,44100,8.0,1.4645272660570689e-05,0.0034293393378085567,0.004270581362160977,6.103515625e-05,0.021728515625,0.021728515625,0.0028089887640449437,保留
cycle_002821_NORMAL.wav,C:\Users\Z0343409\OneDrive - ZF Friedrichshafen AG\Desktop\实验音频\cangku\realtime_wav\normal\cycle_002821_NORMAL.wav,44100,8.0,1.4847557596139766e-05,0.0032783197911560014,0.004529014416529578,6.103515625e-05,0.0208740234375,0.0208740234375,0.0029239766081871343,保留
cycle_002822_NORMAL.wav,C:\Users\Z0343409\OneDrive - ZF Friedrichshafen AG\Desktop\实验音频\cangku\realtime_wav\normal\cycle_002822_NORMAL.wav,44100,8.0,1.4644371385289945e-05,0.0032799307407981814,0.004464841651420417,6.103515625e-05,0.030853271484375,0.030853271484375,0.0019782393669634025,保留
cycle_002824_NORMAL.wav,C:\Users\Z0343409\OneDrive - ZF Friedrichshafen AG\Desktop\实验音频\cangku\realtime_wav\normal\cycle_002824_NORMAL.wav,44100,8.0,1.4625431774649684e-05,0.0033675676362622513,0.004343025398261287,6.103515625e-05,0.023834228515625,0.023834228515625,0.002560819462227913,保留
cycle_002825_NORMAL.wav,C:\Users\Z0343409\OneDrive - ZF Friedrichshafen AG\Desktop\实验音频\cangku\realtime_wav\normal\cycle_002825_NORMAL.wav,44100,8.0,1.48537790745591e-05,0.0032037996731939748,0.004636300827058538,6.103515625e-05,0.02166748046875,0.02166748046875,0.0028169014084507044,保留
cycle_002827_NORMAL.wav,C:\Users\Z0343409\OneDrive - ZF Friedrichshafen AG\Desktop\实验音频\cangku\realtime_wav\normal\cycle_002827_NORMAL.wav,44100,8.0,4.077694507577959e-05,0.0034227037565131083,0.011913664744775121,0.00048828125,0.028076171875,0.028076171875,0.017391304347826087,保留
cycle_002828_NORMAL.wav,C:\Users\Z0343409\OneDrive - ZF Friedrichshafen AG\Desktop\实验音频\cangku\realtime_wav\normal\cycle_002828_NORMAL.wav,44100,8.0,1.9895690293220254e-05,0.003162309923611698,0.006291505505095224,9.1552734375e-05,0.0399169921875,0.0399169921875,0.0022935779816513763,保留
cycle_002829_NORMAL.wav,C:\Users\Z0343409\OneDrive - ZF Friedrichshafen AG\Desktop\实验音频\cangku\realtime_wav\normal\cycle_002829_NORMAL.wav,44100,8.0,1.4668686380812261e-05,0.0029180475172351458,0.005026884001776251,6.103515625e-05,0.021759033203125,0.021759033203125,0.002805049088359046,保留
cycle_002832_NORMAL.wav,C:\Users\Z0343409\OneDrive - ZF Friedrichshafen AG\Desktop\实验音频\cangku\realtime_wav\normal\cycle_002832_NORMAL.wav,44100,8.0,1.642120271227086e-05,0.0034783391843156933,0.004720989484382749,6.103515625e-05,0.028839111328125,0.028839111328125,0.0021164021164021165,保留
cycle_002834_NORMAL.wav,C:\Users\Z0343409\OneDrive - ZF Friedrichshafen AG\Desktop\实验音频\cangku\realtime_wav\normal\cycle_002834_NORMAL.wav,44100,8.0,1.51354591303702e-05,0.0033507082600144076,0.004517092493843412,6.103515625e-05,0.029388427734375,0.029388427734375,0.0020768431983385254,保留
cycle_002836_NORMAL.wav,C:\Users\Z0343409\OneDrive - ZF Friedrichshafen AG\Desktop\实验音频\cangku\realtime_wav\normal\cycle_002836_NORMAL.wav,44100,8.0,1.4794123314379583e-05,0.0035443973008645316,0.004173946106654318,6.103515625e-05,0.036376953125,0.036376953125,0.0016778523489932886,保留
cycle_002837_NORMAL.wav,C:\Users\Z0343409\OneDrive - ZF Friedrichshafen AG\Desktop\实验音频\cangku\realtime_wav\normal\cycle_002837_NORMAL.wav,44100,8.0,1.494325781227107e-05,0.0031845544588852406,0.004692417104244462,6.103515625e-05,0.03350830078125,0.03350830078125,0.0018214936247723133,保留
cycle_002839_NORMAL.wav,C:\Users\Z0343409\OneDrive - ZF Friedrichshafen AG\Desktop\实验音频\cangku\realtime_wav\normal\cycle_002839_NORMAL.wav,44100,8.0,1.463986417660688e-05,0.003355814464986719,0.00436253682357997,6.103515625e-05,0.02606201171875,0.02606201171875,0.00234192037470726,保留
cycle_002840_NORMAL.wav,C:\Users\Z0343409\OneDrive - ZF Friedrichshafen AG\Desktop\实验音频\cangku\realtime_wav\normal\cycle_002840_NORMAL.wav,44100,8.0,1.4691164383486924e-05,0.0029391088282303963,0.004998509834810133,6.103515625e-05,0.030517578125,0.030517578125,0.002,保留
cycle_002842_NORMAL.wav,C:\Users\Z0343409\OneDrive - ZF Friedrichshafen AG\Desktop\实验音频\cangku\realtime_wav\normal\cycle_002842_NORMAL.wav,44100,8.0,1.531577336527443e-05,0.0032838580181409646,0.00466395723586883,6.103515625e-05,0.03558349609375,0.03558349609375,0.0017152658662092624,保留
cycle_002844_NORMAL.wav,C:\Users\Z0343409\OneDrive - ZF Friedrichshafen AG\Desktop\实验音频\cangku\realtime_wav\normal\cycle_002844_NORMAL.wav,44100,8.0,1.6626490693549547e-05,0.003174483467365797,0.005237542064550834,9.1552734375e-05,0.02783203125,0.02783203125,0.003289473684210526,保留
cycle_002847_NORMAL.wav,C:\Users\Z0343409\OneDrive - ZF Friedrichshafen AG\Desktop\实验音频\cangku\realtime_wav\normal\cycle_002847_NORMAL.wav,44100,8.0,1.8819734256752432e-05,0.003048767370206543,0.006172899395560464,9.1552734375e-05,0.025787353515625,0.025787353515625,0.0035502958579881655,保留
cycle_002850_NORMAL.wav,C:\Users\Z0343409\OneDrive - ZF Friedrichshafen AG\Desktop\实验音频\cangku\realtime_wav\normal\cycle_002850_NORMAL.wav,44100,8.0,1.7279703173526552e-05,0.0032813594260799857,0.0052660196369190265,9.1552734375e-05,0.031524658203125,0.031524658203125,0.002904162633107454,保留
cycle_002851_NORMAL.wav,C:\Users\Z0343409\OneDrive - ZF Friedrichshafen AG\Desktop\实验音频\cangku\realtime_wav\normal\cycle_002851_NORMAL.wav,44100,8.0,1.491939030844331e-05,0.003216394649091972,0.004638544686254604,6.103515625e-05,0.037445068359375,0.037445068359375,0.0016299918500407497,保留
cycle_002852_NORMAL.wav,C:\Users\Z0343409\OneDrive - ZF Friedrichshafen AG\Desktop\实验音频\cangku\realtime_wav\normal\cycle_002852_NORMAL.wav,44100,8.0,3.188936175139509e-05,0.003274588960672858,0.009738431948064256,0.000274658203125,0.03045654296875,0.03045654296875,0.009018036072144289,保留
cycle_002854_NORMAL.wav,C:\Users\Z0343409\OneDrive - ZF Friedrichshafen AG\Desktop\实验音频\cangku\realtime_wav\normal\cycle_002854_NORMAL.wav,44100,8.0,1.4887507448122445e-05,0.003105835023936087,0.004793399305947426,6.103515625e-05,0.029266357421875,0.029266357421875,0.0020855057351407717,保留
cycle_002857_NORMAL.wav,C:\Users\Z0343409\OneDrive - ZF Friedrichshafen AG\Desktop\实验音频\cangku\realtime_wav\normal\cycle_002857_NORMAL.wav,44100,8.0,1.4775375662422365e-05,0.0033716519804802116,0.004382236288906058,6.103515625e-05,0.037109375,0.037109375,0.001644736842105263,保留
cycle_002859_NORMAL.wav,C:\Users\Z0343409\OneDrive - ZF Friedrichshafen AG\Desktop\实验音频\cangku\realtime_wav\normal\cycle_002859_NORMAL.wav,44100,8.0,3.0784134818485737e-05,0.003303686282266559,0.009318116851387497,0.0003662109375,0.035614013671875,0.035614013671875,0.010282776349614395,保留
cycle_002861_NORMAL.wav,C:\Users\Z0343409\OneDrive - ZF Friedrichshafen AG\Desktop\实验音频\cangku\realtime_wav\normal\cycle_002861_NORMAL.wav,44100,8.0,1.7565312405124416e-05,0.0033515610919702785,0.005240934574401064,9.1552734375e-05,0.03033447265625,0.03033447265625,0.0030181086519114686,保留
cycle_002863_NORMAL.wav,C:\Users\Z0343409\OneDrive - ZF Friedrichshafen AG\Desktop\实验音频\cangku\realtime_wav\normal\cycle_002863_NORMAL.wav,44100,8.0,1.6443693119794603e-05,0.003059931771726894,0.005373875741848482,6.103515625e-05,0.028167724609375,0.028167724609375,0.0021668472372697724,保留
cycle_002865_NORMAL.wav,C:\Users\Z0343409\OneDrive - ZF Friedrichshafen AG\Desktop\实验音频\cangku\realtime_wav\normal\cycle_002865_NORMAL.wav,44100,8.0,0.00017975196520677016,0.0034047783201427016,0.052794028951416834,0.001708984375,0.040130615234375,0.040130615234375,0.04258555133079848,保留
cycle_002867_NORMAL.wav,C:\Users\Z0343409\OneDrive - ZF Friedrichshafen AG\Desktop\实验音频\cangku\realtime_wav\normal\cycle_002867_NORMAL.wav,44100,8.0,1.4668686380812261e-05,0.0027985084593186026,0.005241608733383597,6.103515625e-05,0.025054931640625,0.025054931640625,0.00243605359317905,保留
cycle_002869_NORMAL.wav,C:\Users\Z0343409\OneDrive - ZF Friedrichshafen AG\Desktop\实验音频\cangku\realtime_wav\normal\cycle_002869_NORMAL.wav,44100,8.0,1.488928050921944e-05,0.003227757780191071,0.00461288656806771,6.103515625e-05,0.029144287109375,0.029144287109375,0.0020942408376963353,保留
cycle_002871_NORMAL.wav,C:\Users\Z0343409\OneDrive - ZF Friedrichshafen AG\Desktop\实验音频\cangku\realtime_wav\normal\cycle_002871_NORMAL.wav,44100,8.0,1.5162468865065347e-05,0.003344881092503178,0.004533036734563963,6.103515625e-05,0.03057861328125,0.03057861328125,0.001996007984031936,保留
cycle_002872_NORMAL.wav,C:\Users\Z0343409\OneDrive - ZF Friedrichshafen AG\Desktop\实验音频\cangku\realtime_wav\normal\cycle_002872_NORMAL.wav,44100,8.0,1.497061431742097e-05,0.003337963373746569,0.004484954638857459,6.103515625e-05,0.031951904296875,0.031951904296875,0.0019102196752626551,保留
cycle_002875_NORMAL.wav,C:\Users\Z0343409\OneDrive - ZF Friedrichshafen AG\Desktop\实验音频\cangku\realtime_wav\normal\cycle_002875_NORMAL.wav,44100,8.0,1.910857349048606e-05,0.003250764292617661,0.005878178720579886,0.000152587890625,0.02947998046875,0.02947998046875,0.005175983436853002,保留
cycle_002877_NORMAL.wav,C:\Users\Z0343409\OneDrive - ZF Friedrichshafen AG\Desktop\实验音频\cangku\realtime_wav\normal\cycle_002877_NORMAL.wav,44100,8.0,1.4732434300617418e-05,0.003412583134375819,0.004317091692862763,6.103515625e-05,0.02703857421875,0.02703857421875,0.002257336343115124,保留
cycle_002880_NORMAL.wav,C:\Users\Z0343409\OneDrive - ZF Friedrichshafen AG\Desktop\实验音频\cangku\realtime_wav\normal\cycle_002880_NORMAL.wav,44100,8.0,1.4724368853453989e-05,0.00351294631320585,0.004191458548086037,6.103515625e-05,0.0301513671875,0.0301513671875,0.0020242914979757085,保留
cycle_002882_NORMAL.wav,C:\Users\Z0343409\OneDrive - ZF Friedrichshafen AG\Desktop\实验音频\cangku\realtime_wav\normal\cycle_002882_NORMAL.wav,44100,8.0,1.4858221392771455e-05,0.0037861011989889174,0.0039244121094120146,6.103515625e-05,0.034515380859375,0.034515380859375,0.0017683465959328027,保留
cycle_002884_NORMAL.wav,C:\Users\Z0343409\OneDrive - ZF Friedrichshafen AG\Desktop\实验音频\cangku\realtime_wav\normal\cycle_002884_NORMAL.wav,44100,8.0,4.342849071433389e-05,0.0035722697377565983,0.012157114076611466,0.00067138671875,0.032470703125,0.032470703125,0.020676691729323307,保留
cycle_002886_NORMAL.wav,C:\Users\Z0343409\OneDrive - ZF Friedrichshafen AG\Desktop\实验音频\cangku\realtime_wav\normal\cycle_002886_NORMAL.wav,44100,8.0,1.4714505081000944e-05,0.003162503737554239,0.004652802431904977,6.103515625e-05,0.025238037109375,0.025238037109375,0.0024183796856106408,保留
cycle_002888_NORMAL.wav,C:\Users\Z0343409\OneDrive - ZF Friedrichshafen AG\Desktop\实验音频\cangku\realtime_wav\normal\cycle_002888_NORMAL.wav,44100,8.0,1.4967969098862038e-05,0.003488437853449685,0.004290736922276069,6.103515625e-05,0.039886474609375,0.039886474609375,0.001530221882172915,保留
cycle_002889_NORMAL.wav,C:\Users\Z0343409\OneDrive - ZF Friedrichshafen AG\Desktop\实验音频\cangku\realtime_wav\normal\cycle_002889_NORMAL.wav,44100,8.0,2.3368698964644597e-05,0.0033825065905179405,0.006908692810873815,0.0001220703125,0.031890869140625,0.031890869140625,0.003827751196172249,保留
cycle_002891_NORMAL.wav,C:\Users\Z0343409\OneDrive - ZF Friedrichshafen AG\Desktop\实验音频\cangku\realtime_wav\normal\cycle_002891_NORMAL.wav,44100,8.0,1.6134974222629084e-05,0.003164613858077968,0.005098560186558963,6.103515625e-05,0.0257568359375,0.0257568359375,0.002369668246445498,保留
cycle_002893_NORMAL.wav,C:\Users\Z0343409\OneDrive - ZF Friedrichshafen AG\Desktop\实验音频\cangku\realtime_wav\normal\cycle_002893_NORMAL.wav,44100,8.0,1.4627236603653242e-05,0.0034921197308372958,0.004188641206796798,6.103515625e-05,0.02978515625,0.02978515625,0.0020491803278688526,保留
cycle_002895_NORMAL.wav,C:\Users\Z0343409\OneDrive - ZF Friedrichshafen AG\Desktop\实验音频\cangku\realtime_wav\normal\cycle_002895_NORMAL.wav,44100,8.0,1.519464344017349e-05,0.0034435164707519875,0.004412536884673393,6.103515625e-05,0.031707763671875,0.031707763671875,0.0019249278152069298,保留
cycle_002896_NORMAL.wav,C:\Users\Z0343409\OneDrive - ZF Friedrichshafen AG\Desktop\实验音频\cangku\realtime_wav\normal\cycle_002896_NORMAL.wav,44100,8.0,2.4569163628614657e-05,0.003462961525386434,0.00709484164016895,0.000213623046875,0.029510498046875,0.029510498046875,0.007238883143743537,保留
cycle_002898_NORMAL.wav,C:\Users\Z0343409\OneDrive - ZF Friedrichshafen AG\Desktop\实验音频\cangku\realtime_wav\normal\cycle_002898_NORMAL.wav,44100,8.0,1.5377697229819275e-05,0.0033351877659644953,0.004610744074665983,6.103515625e-05,0.033966064453125,0.033966064453125,0.0017969451931716084,保留
cycle_002899_NORMAL.wav,C:\Users\Z0343409\OneDrive - ZF Friedrichshafen AG\Desktop\实验音频\cangku\realtime_wav\normal\cycle_002899_NORMAL.wav,44100,8.0,1.4753920604159964e-05,0.003184970336227915,0.0046323573052908275,6.103515625e-05,0.03155517578125,0.03155517578125,0.0019342359767891683,保留
cycle_002901_NORMAL.wav,C:\Users\Z0343409\OneDrive - ZF Friedrichshafen AG\Desktop\实验音频\cangku\realtime_wav\normal\cycle_002901_NORMAL.wav,44100,8.0,2.0791685228886973e-05,0.0032437688550118987,0.006409730828003374,0.0001220703125,0.032623291015625,0.032623291015625,0.0037418147801683817,保留
cycle_002902_NORMAL.wav,C:\Users\Z0343409\OneDrive - ZF Friedrichshafen AG\Desktop\实验音频\cangku\realtime_wav\normal\cycle_002902_NORMAL.wav,44100,8.0,1.4832437426935686e-05,0.0028390954120454067,0.005224353279571453,6.103515625e-05,0.027557373046875,0.027557373046875,0.0022148394241417496,保留
cycle_002904_NORMAL.wav,C:\Users\Z0343409\OneDrive - ZF Friedrichshafen AG\Desktop\实验音频\cangku\realtime_wav\normal\cycle_002904_NORMAL.wav,44100,8.0,1.536911161291987e-05,0.0031452716985891694,0.004886417799713067,9.1552734375e-05,0.033477783203125,0.033477783203125,0.0027347310847766638,保留
cycle_002905_NORMAL.wav,C:\Users\Z0343409\OneDrive - ZF Friedrichshafen AG\Desktop\实验音频\cangku\realtime_wav\normal\cycle_002905_NORMAL.wav,44100,8.0,1.468307626668172e-05,0.0030009767005138507,0.004892765833259408,6.103515625e-05,0.026641845703125,0.026641845703125,0.002290950744558992,保留
cycle_002908_NORMAL.wav,C:\Users\Z0343409\OneDrive - ZF Friedrichshafen AG\Desktop\实验音频\cangku\realtime_wav\normal\cycle_002908_NORMAL.wav,44100,8.0,1.7694085492649507e-05,0.0033156483809585217,0.005336538576968863,9.1552734375e-05,0.02801513671875,0.02801513671875,0.0032679738562091504,保留
cycle_002910_NORMAL.wav,C:\Users\Z0343409\OneDrive - ZF Friedrichshafen AG\Desktop\实验音频\cangku\realtime_wav\normal\cycle_002910_NORMAL.wav,44100,8.0,1.5727350741368875e-05,0.003448631393976188,0.0045604615120190106,6.103515625e-05,0.025421142578125,0.025421142578125,0.0024009603841536613,保留
cycle_002913_NORMAL.wav,C:\Users\Z0343409\OneDrive - ZF Friedrichshafen AG\Desktop\实验音频\cangku\realtime_wav\normal\cycle_002913_NORMAL.wav,44100,8.0,1.6967526005292022e-05,0.0033956489661319364,0.0049968433647074335,6.103515625e-05,0.030487060546875,0.030487060546875,0.002002002002002002,保留
cycle_002916_NORMAL.wav,C:\Users\Z0343409\OneDrive - ZF Friedrichshafen AG\Desktop\实验音频\cangku\realtime_wav\normal\cycle_002916_NORMAL.wav,44100,8.0,1.5388851370718847e-05,0.0030838330170470684,0.004990170118048246,6.103515625e-05,0.02398681640625,0.02398681640625,0.002544529262086514,保留
cycle_002918_NORMAL.wav,C:\Users\Z0343409\OneDrive - ZF Friedrichshafen AG\Desktop\实验音频\cangku\realtime_wav\normal\cycle_002918_NORMAL.wav,44100,8.0,1.4908770264168289e-05,0.0033476744403633358,0.004453470768964673,6.103515625e-05,0.020904541015625,0.020904541015625,0.00291970802919708,保留
cycle_002920_NORMAL.wav,C:\Users\Z0343409\OneDrive - ZF Friedrichshafen AG\Desktop\实验音频\cangku\realtime_wav\normal\cycle_002920_NORMAL.wav,44100,8.0,2.4224538280915254e-05,0.0030534226125404134,0.0079335687701483,0.000213623046875,0.021514892578125,0.021514892578125,0.009929078014184398,保留
cycle_002923_NORMAL.wav,C:\Users\Z0343409\OneDrive - ZF Friedrichshafen AG\Desktop\实验音频\cangku\realtime_wav\normal\cycle_002923_NORMAL.wav,44100,8.0,1.4718989433368179e-05,0.003274518371566564,0.004495008964120259,6.103515625e-05,0.026336669921875,0.026336669921875,0.002317497103128621,保留
cycle_002924_NORMAL.wav,C:\Users\Z0343409\OneDrive - ZF Friedrichshafen AG\Desktop\实验音频\cangku\realtime_wav\normal\cycle_002924_NORMAL.wav,44100,8.0,1.4695655858226819e-05,0.003211398235406041,0.004576092649054077,6.103515625e-05,0.024078369140625,0.024078369140625,0.0025348542458808617,保留
cycle_002928_NORMAL.wav,C:\Users\Z0343409\OneDrive - ZF Friedrichshafen AG\Desktop\实验音频\cangku\realtime_wav\normal\cycle_002928_NORMAL.wav,44100,8.0,1.5249270976020667e-05,0.003488720230265626,0.0043710214547239895,9.1552734375e-05,0.02734375,0.02734375,0.0033482142857142855,保留
cycle_002929_NORMAL.wav,C:\Users\Z0343409\OneDrive - ZF Friedrichshafen AG\Desktop\实验音频\cangku\realtime_wav\normal\cycle_002929_NORMAL.wav,44100,8.0,1.468667153516525e-05,0.003181861514777626,0.004615748192357037,6.103515625e-05,0.024932861328125,0.024932861328125,0.0024479804161566705,保留
cycle_002930_NORMAL.wav,C:\Users\Z0343409\OneDrive - ZF Friedrichshafen AG\Desktop\实验音频\cangku\realtime_wav\normal\cycle_002930_NORMAL.wav,44100,8.0,1.4724368853453989e-05,0.0033553156836030338,0.004388370645841151,6.103515625e-05,0.02716064453125,0.02716064453125,0.0022471910112359553,保留
cycle_002933_NORMAL.wav,C:\Users\Z0343409\OneDrive - ZF Friedrichshafen AG\Desktop\实验音频\cangku\realtime_wav\normal\cycle_002933_NORMAL.wav,44100,8.0,1.628722889809318e-05,0.0035507991848545365,0.004586919183592301,0.0001220703125,0.024627685546875,0.024627685546875,0.004956629491945477,保留
cycle_002934_NORMAL.wav,C:\Users\Z0343409\OneDrive - ZF Friedrichshafen AG\Desktop\实验音频\cangku\realtime_wav\normal\cycle_002934_NORMAL.wav,44100,8.0,1.540171149556048e-05,0.0033920052164411177,0.004540591925067825,6.103515625e-05,0.0230712890625,0.0230712890625,0.0026455026455026454,保留
cycle_002935_NORMAL.wav,C:\Users\Z0343409\OneDrive - ZF Friedrichshafen AG\Desktop\实验音频\cangku\realtime_wav\normal\cycle_002935_NORMAL.wav,44100,8.0,2.44290874378877e-05,0.0032826153166830626,0.0074419586461237286,0.000213623046875,0.0201416015625,0.0201416015625,0.010606060606060607,保留
cycle_002937_NORMAL.wav,C:\Users\Z0343409\OneDrive - ZF Friedrichshafen AG\Desktop\实验音频\cangku\realtime_wav\normal\cycle_002937_NORMAL.wav,44100,8.0,1.6186428549590675e-05,0.003406262237084105,0.004751961952127002,6.103515625e-05,0.02252197265625,0.02252197265625,0.0027100271002710027,保留
cycle_002940_NORMAL.wav,C:\Users\Z0343409\OneDrive - ZF Friedrichshafen AG\Desktop\实验音频\cangku\realtime_wav\normal\cycle_002940_NORMAL.wav,44100,8.0,1.7697814881560697e-05,0.003349129880998468,0.005284302344310544,6.103515625e-05,0.020233154296875,0.020233154296875,0.0030165912518853697,保留
cycle_002943_NORMAL.wav,C:\Users\Z0343409\OneDrive - ZF Friedrichshafen AG\Desktop\实验音频\cangku\realtime_wav\normal\cycle_002943_NORMAL.wav,44100,8.0,1.4736913197234017e-05,0.00320416741215213,0.004599295636471047,6.103515625e-05,0.0211181640625,0.0211181640625,0.002890173410404624,保留
cycle_002945_NORMAL.wav,C:\Users\Z0343409\OneDrive - ZF Friedrichshafen AG\Desktop\实验音频\cangku\realtime_wav\normal\cycle_002945_NORMAL.wav,44100,8.0,1.861310758771389e-05,0.0032644876066117677,0.005701693444942361,0.0001220703125,0.02642822265625,0.02642822265625,0.004618937644341801,保留
cycle_002951_NORMAL.wav,C:\Users\Z0343409\OneDrive - ZF Friedrichshafen AG\Desktop\实验音频\cangku\realtime_wav\normal\cycle_002951_NORMAL.wav,44100,8.0,1.4849335427385572e-05,0.0032822638021280963,0.004524113941651436,6.103515625e-05,0.0289306640625,0.0289306640625,0.002109704641350211,保留
cycle_002952_NORMAL.wav,C:\Users\Z0343409\OneDrive - ZF Friedrichshafen AG\Desktop\实验音频\cangku\realtime_wav\normal\cycle_002952_NORMAL.wav,44100,8.0,1.475928729264451e-05,0.003455381122125674,0.004271392003080958,6.103515625e-05,0.025115966796875,0.025115966796875,0.002430133657351154,保留
cycle_002959_NORMAL.wav,C:\Users\Z0343409\OneDrive - ZF Friedrichshafen AG\Desktop\实验音频\cangku\realtime_wav\normal\cycle_002959_NORMAL.wav,44100,8.0,1.9821914909360927e-05,0.0032036055601666253,0.006187376859319083,0.000152587890625,0.018280029296875,0.018280029296875,0.008347245409015025,保留
cycle_002962_NORMAL.wav,C:\Users\Z0343409\OneDrive - ZF Friedrichshafen AG\Desktop\实验音频\cangku\realtime_wav\normal\cycle_002962_NORMAL.wav,44100,8.0,1.4653381643562759e-05,0.003238522180399766,0.004524712454417691,6.103515625e-05,0.025787353515625,0.025787353515625,0.002366863905325444,保留
cycle_002964_NORMAL.wav,C:\Users\Z0343409\OneDrive - ZF Friedrichshafen AG\Desktop\实验音频\cangku\realtime_wav\normal\cycle_002964_NORMAL.wav,44100,8.0,1.874735715193664e-05,0.0031864966511270087,0.005883375758548506,9.1552734375e-05,0.021759033203125,0.021759033203125,0.004207573632538569,保留
cycle_002965_NORMAL.wav,C:\Users\Z0343409\OneDrive - ZF Friedrichshafen AG\Desktop\实验音频\cangku\realtime_wav\normal\cycle_002965_NORMAL.wav,44100,8.0,1.6123517628441407e-05,0.0033288671738172715,0.004843544901778788,6.103515625e-05,0.02154541015625,0.02154541015625,0.0028328611898017,保留
cycle_002973_NORMAL.wav,C:\Users\Z0343409\OneDrive - ZF Friedrichshafen AG\Desktop\实验音频\cangku\realtime_wav\normal\cycle_002973_NORMAL.wav,44100,8.0,1.4791446533202512e-05,0.003115222695298572,0.004748118507073491,6.103515625e-05,0.024688720703125,0.024688720703125,0.002472187886279357,保留
cycle_002975_NORMAL.wav,C:\Users\Z0343409\OneDrive - ZF Friedrichshafen AG\Desktop\实验音频\cangku\realtime_wav\normal\cycle_002975_NORMAL.wav,44100,8.0,1.495650107900925e-05,0.0034453307772621825,0.004341092930094327,6.103515625e-05,0.02374267578125,0.02374267578125,0.002570694087403599,保留
cycle_002976_NORMAL.wav,C:\Users\Z0343409\OneDrive - ZF Friedrichshafen AG\Desktop\实验音频\cangku\realtime_wav\normal\cycle_002976_NORMAL.wav,44100,8.0,1.4641667226576967e-05,0.0032839456607079015,0.004458559531530356,6.103515625e-05,0.033355712890625,0.033355712890625,0.0018298261665141812,保留
cycle_002979_NORMAL.wav,C:\Users\Z0343409\OneDrive - ZF Friedrichshafen AG\Desktop\实验音频\cangku\realtime_wav\normal\cycle_002979_NORMAL.wav,44100,8.0,1.4684874010951288e-05,0.0034117916306828826,0.004304153242796969,6.103515625e-05,0.030975341796875,0.030975341796875,0.0019704433497536944,保留
cycle_002980_NORMAL.wav,C:\Users\Z0343409\OneDrive - ZF Friedrichshafen AG\Desktop\实验音频\cangku\realtime_wav\normal\cycle_002980_NORMAL.wav,44100,8.0,1.5920034760359853e-05,0.003297374109989462,0.004828094789769163,9.1552734375e-05,0.032501220703125,0.032501220703125,0.0028169014084507044,保留
cycle_002982_NORMAL.wav,C:\Users\Z0343409\OneDrive - ZF Friedrichshafen AG\Desktop\实验音频\cangku\realtime_wav\normal\cycle_002982_NORMAL.wav,44100,8.0,1.4660585863095118e-05,0.003744418099814996,0.003915317539945518,6.103515625e-05,0.0328369140625,0.0328369140625,0.0018587360594795538,保留
cycle_002983_NORMAL.wav,C:\Users\Z0343409\OneDrive - ZF Friedrichshafen AG\Desktop\实验音频\cangku\realtime_wav\normal\cycle_002983_NORMAL.wav,44100,8.0,1.4875090102841631e-05,0.003467244443117019,0.0042901763480711124,6.103515625e-05,0.028228759765625,0.028228759765625,0.002162162162162162,保留
cycle_002985_NORMAL.wav,C:\Users\Z0343409\OneDrive - ZF Friedrichshafen AG\Desktop\实验音频\cangku\realtime_wav\normal\cycle_002985_NORMAL.wav,44100,8.0,1.569626816004699e-05,0.0035321918152704888,0.004443775701021774,6.103515625e-05,0.025177001953125,0.025177001953125,0.0024242424242424242,保留
cycle_002986_NORMAL.wav,C:\Users\Z0343409\OneDrive - ZF Friedrichshafen AG\Desktop\实验音频\cangku\realtime_wav\normal\cycle_002986_NORMAL.wav,44100,8.0,2.34594581028205e-05,0.0031959236742034876,0.007340431278812453,0.00018310546875,0.0283203125,0.0283203125,0.00646551724137931,保留
cycle_002989_NORMAL.wav,C:\Users\Z0343409\OneDrive - ZF Friedrichshafen AG\Desktop\实验音频\cangku\realtime_wav\normal\cycle_002989_NORMAL.wav,44100,8.0,5.068195457318366e-05,0.003420505438777365,0.014817095157521385,0.00054931640625,0.0291748046875,0.0291748046875,0.01882845188284519,保留
cycle_002990_NORMAL.wav,C:\Users\Z0343409\OneDrive - ZF Friedrichshafen AG\Desktop\实验音频\cangku\realtime_wav\normal\cycle_002990_NORMAL.wav,44100,8.0,1.6981522408757894e-05,0.0035424246214146807,0.004793756882249835,9.1552734375e-05,0.029144287109375,0.029144287109375,0.0031413612565445027,保留
cycle_002991_NORMAL.wav,C:\Users\Z0343409\OneDrive - ZF Friedrichshafen AG\Desktop\实验音频\cangku\realtime_wav\normal\cycle_002991_NORMAL.wav,44100,8.0,1.5122372585170031e-05,0.0030908096394059175,0.004892689731638307,6.103515625e-05,0.02520751953125,0.02520751953125,0.002421307506053269,保留
cycle_002993_NORMAL.wav,C:\Users\Z0343409\OneDrive - ZF Friedrichshafen AG\Desktop\实验音频\cangku\realtime_wav\normal\cycle_002993_NORMAL.wav,44100,8.0,1.548205839078087e-05,0.0032681108757109762,0.0047373112417468865,6.103515625e-05,0.022918701171875,0.022918701171875,0.002663115845539281,保留
cycle_002994_NORMAL.wav,C:\Users\Z0343409\OneDrive - ZF Friedrichshafen AG\Desktop\实验音频\cangku\realtime_wav\normal\cycle_002994_NORMAL.wav,44100,8.0,1.7421199032988514e-05,0.0032755203783261253,0.005318604991214004,6.103515625e-05,0.02569580078125,0.02569580078125,0.0023752969121140144,保留
cycle_002996_NORMAL.wav,C:\Users\Z0343409\OneDrive - ZF Friedrichshafen AG\Desktop\实验音频\cangku\realtime_wav\normal\cycle_002996_NORMAL.wav,44100,8.0,1.5612796961730942e-05,0.003273866157492117,0.004768917301644008,6.103515625e-05,0.031982421875,0.031982421875,0.0019083969465648854,保留
cycle_002998_NORMAL.wav,C:\Users\Z0343409\OneDrive - ZF Friedrichshafen AG\Desktop\实验音频\cangku\realtime_wav\normal\cycle_002998_NORMAL.wav,44100,8.0,1.54675584844158e-05,0.00309515082552506,0.004997352102152209,6.103515625e-05,0.0250244140625,0.0250244140625,0.0024390243902439024,保留
cycle_002999_NORMAL.wav,C:\Users\Z0343409\OneDrive - ZF Friedrichshafen AG\Desktop\实验音频\cangku\realtime_wav\normal\cycle_002999_NORMAL.wav,44100,8.0,1.4592906682260452e-05,0.003082151506695959,0.004734649367676259,6.103515625e-05,0.023712158203125,0.023712158203125,0.002574002574002574,保留
cycle_003001_NORMAL.wav,C:\Users\Z0343409\OneDrive - ZF Friedrichshafen AG\Desktop\实验音频\cangku\realtime_wav\normal\cycle_003001_NORMAL.wav,44100,8.0,1.4754815187796023e-05,0.003360332672276723,0.004390879304756218,6.103515625e-05,0.029266357421875,0.029266357421875,0.0020855057351407717,保留
cycle_003002_NORMAL.wav,C:\Users\Z0343409\OneDrive - ZF Friedrichshafen AG\Desktop\实验音频\cangku\realtime_wav\normal\cycle_003002_NORMAL.wav,44100,8.0,1.6168478978663313e-05,0.0034414977402333247,0.004698093736817951,6.103515625e-05,0.02716064453125,0.02716064453125,0.0022471910112359553,保留
cycle_003004_NORMAL.wav,C:\Users\Z0343409\OneDrive - ZF Friedrichshafen AG\Desktop\实验音频\cangku\realtime_wav\normal\cycle_003004_NORMAL.wav,44100,8.0,1.4913196201705054e-05,0.0032752585725851135,0.004553288197314537,6.103515625e-05,0.022735595703125,0.022735595703125,0.0026845637583892616,保留
cycle_003006_NORMAL.wav,C:\Users\Z0343409\OneDrive - ZF Friedrichshafen AG\Desktop\实验音频\cangku\realtime_wav\normal\cycle_003006_NORMAL.wav,44100,8.0,1.567859928299523e-05,0.003492978788754756,0.004488604206092141,6.103515625e-05,0.034210205078125,0.034210205078125,0.001784121320249777,保留
cycle_003009_NORMAL.wav,C:\Users\Z0343409\OneDrive - ZF Friedrichshafen AG\Desktop\实验音频\cangku\realtime_wav\normal\cycle_003009_NORMAL.wav,44100,8.0,1.6257216797131988e-05,0.003230646397495493,0.005032186998160843,9.1552734375e-05,0.02703857421875,0.02703857421875,0.003386004514672686,保留
cycle_003010_NORMAL.wav,C:\Users\Z0343409\OneDrive - ZF Friedrichshafen AG\Desktop\实验音频\cangku\realtime_wav\normal\cycle_003010_NORMAL.wav,44100,8.0,1.4695655858226819e-05,0.0030989276519634446,0.004742174554774076,6.103515625e-05,0.03173828125,0.03173828125,0.0019230769230769232,保留
cycle_003013_NORMAL.wav,C:\Users\Z0343409\OneDrive - ZF Friedrichshafen AG\Desktop\实验音频\cangku\realtime_wav\normal\cycle_003013_NORMAL.wav,44100,8.0,1.6147240124780133e-05,0.0034143371609931944,0.004729245930733763,6.103515625e-05,0.02471923828125,0.02471923828125,0.0024691358024691358,保留
cycle_003015_NORMAL.wav,C:\Users\Z0343409\OneDrive - ZF Friedrichshafen AG\Desktop\实验音频\cangku\realtime_wav\normal\cycle_003015_NORMAL.wav,44100,8.0,1.4656984195957339e-05,0.0029500557748829257,0.004968375283189013,6.103515625e-05,0.0211181640625,0.0211181640625,0.002890173410404624,保留
cycle_003018_NORMAL.wav,C:\Users\Z0343409\OneDrive - ZF Friedrichshafen AG\Desktop\实验音频\cangku\realtime_wav\normal\cycle_003018_NORMAL.wav,44100,8.0,1.4652480867066221e-05,0.0031465121030980095,0.004656737488039409,6.103515625e-05,0.0245361328125,0.0245361328125,0.0024875621890547263,保留
cycle_003019_NORMAL.wav,C:\Users\Z0343409\OneDrive - ZF Friedrichshafen AG\Desktop\实验音频\cangku\realtime_wav\normal\cycle_003019_NORMAL.wav,44100,8.0,1.4662386364896576e-05,0.003409728078360439,0.004300162953741154,6.103515625e-05,0.0238037109375,0.0238037109375,0.002564102564102564,保留
cycle_003022_NORMAL.wav,C:\Users\Z0343409\OneDrive - ZF Friedrichshafen AG\Desktop\实验音频\cangku\realtime_wav\normal\cycle_003022_NORMAL.wav,44100,8.0,1.484311208641524e-05,0.0033255912521993267,0.004463300195596493,6.103515625e-05,0.01800537109375,0.01800537109375,0.003389830508474576,保留
cycle_003024_NORMAL.wav,C:\Users\Z0343409\OneDrive - ZF Friedrichshafen AG\Desktop\实验音频\cangku\realtime_wav\normal\cycle_003024_NORMAL.wav,44100,8.0,1.4815520153302644e-05,0.003393475971909426,0.004365883323159737,6.103515625e-05,0.02197265625,0.02197265625,0.002777777777777778,保留
cycle_003031_NORMAL.wav,C:\Users\Z0343409\OneDrive - ZF Friedrichshafen AG\Desktop\实验音频\cangku\realtime_wav\normal\cycle_003031_NORMAL.wav,44100,8.0,1.5076042481374415e-05,0.003377960913813616,0.004463060072638324,6.103515625e-05,0.020263671875,0.020263671875,0.0030120481927710845,保留
cycle_003039_NORMAL.wav,C:\Users\Z0343409\OneDrive - ZF Friedrichshafen AG\Desktop\实验音频\cangku\realtime_wav\normal\cycle_003039_NORMAL.wav,44100,8.0,1.790099752510776e-05,0.0034344501110475526,0.0052121873797280815,0.0001220703125,0.020965576171875,0.020965576171875,0.005822416302765648,保留
cycle_003041_NORMAL.wav,C:\Users\Z0343409\OneDrive - ZF Friedrichshafen AG\Desktop\实验音频\cangku\realtime_wav\normal\cycle_003041_NORMAL.wav,44100,8.0,1.4896370643197098e-05,0.0032705672439127644,0.004554674933200801,6.103515625e-05,0.018707275390625,0.018707275390625,0.0032626427406199023,保留
cycle_003052_NORMAL.wav,C:\Users\Z0343409\OneDrive - ZF Friedrichshafen AG\Desktop\实验音频\cangku\realtime_wav\normal\cycle_003052_NORMAL.wav,44100,8.0,2.2060691759492498e-05,0.0029550312163357283,0.007465468262243267,0.000152587890625,0.022247314453125,0.022247314453125,0.006858710562414266,保留
cycle_003055_NORMAL.wav,C:\Users\Z0343409\OneDrive - ZF Friedrichshafen AG\Desktop\实验音频\cangku\realtime_wav\normal\cycle_003055_NORMAL.wav,44100,8.0,1.5273487165693197e-05,0.0033293134098210915,0.004587578664309033,6.103515625e-05,0.019500732421875,0.019500732421875,0.003129890453834116,保留
cycle_003057_NORMAL.wav,C:\Users\Z0343409\OneDrive - ZF Friedrichshafen AG\Desktop\实验音频\cangku\realtime_wav\normal\cycle_003057_NORMAL.wav,44100,8.0,3.801942986160752e-05,0.003189245102250581,0.011921137649401118,0.00042724609375,0.024627685546875,0.024627685546875,0.01734820322180917,保留
cycle_003058_NORMAL.wav,C:\Users\Z0343409\OneDrive - ZF Friedrichshafen AG\Desktop\实验音频\cangku\realtime_wav\normal\cycle_003058_NORMAL.wav,44100,8.0,1.528817113808319e-05,0.003538827710516907,0.004320123043189941,6.103515625e-05,0.02978515625,0.02978515625,0.0020491803278688526,保留
cycle_003061_NORMAL.wav,C:\Users\Z0343409\OneDrive - ZF Friedrichshafen AG\Desktop\实验音频\cangku\realtime_wav\normal\cycle_003061_NORMAL.wav,44100,8.0,1.4925581844631529e-05,0.0031555370178352506,0.004729965695306823,6.103515625e-05,0.022674560546875,0.022674560546875,0.0026917900403768506,保留
cycle_003062_NORMAL.wav,C:\Users\Z0343409\OneDrive - ZF Friedrichshafen AG\Desktop\实验音频\cangku\realtime_wav\normal\cycle_003062_NORMAL.wav,44100,8.0,1.8353890279655222e-05,0.003235921912338626,0.00567192002058873,9.1552734375e-05,0.025054931640625,0.025054931640625,0.0036540803897685747,保留
cycle_003063_NORMAL.wav,C:\Users\Z0343409\OneDrive - ZF Friedrichshafen AG\Desktop\实验音频\cangku\realtime_wav\normal\cycle_003063_NORMAL.wav,44100,8.0,1.4834217070283256e-05,0.0031545622078238992,0.004702464587159399,6.103515625e-05,0.020904541015625,0.020904541015625,0.00291970802919708,保留
cycle_003066_NORMAL.wav,C:\Users\Z0343409\OneDrive - ZF Friedrichshafen AG\Desktop\实验音频\cangku\realtime_wav\normal\cycle_003066_NORMAL.wav,44100,8.0,1.4650679147924204e-05,0.0031577745800224783,0.004639558263788391,6.103515625e-05,0.031829833984375,0.031829833984375,0.0019175455417066154,保留
cycle_003067_NORMAL.wav,C:\Users\Z0343409\OneDrive - ZF Friedrichshafen AG\Desktop\实验音频\cangku\realtime_wav\normal\cycle_003067_NORMAL.wav,44100,8.0,1.5339024109922307e-05,0.003445535792092694,0.004451854525825703,6.103515625e-05,0.028961181640625,0.028961181640625,0.002107481559536354,保留
cycle_003069_NORMAL.wav,C:\Users\Z0343409\OneDrive - ZF Friedrichshafen AG\Desktop\实验音频\cangku\realtime_wav\normal\cycle_003069_NORMAL.wav,44100,8.0,1.502078496198208e-05,0.0034614884933213087,0.00433940051829252,6.103515625e-05,0.02630615234375,0.02630615234375,0.002320185614849188,保留
cycle_003070_NORMAL.wav,C:\Users\Z0343409\OneDrive - ZF Friedrichshafen AG\Desktop\实验音频\cangku\realtime_wav\normal\cycle_003070_NORMAL.wav,44100,8.0,1.5600956910330555e-05,0.0036746511494260992,0.004245561354243677,6.103515625e-05,0.032135009765625,0.032135009765625,0.001899335232668566,保留
cycle_003072_NORMAL.wav,C:\Users\Z0343409\OneDrive - ZF Friedrichshafen AG\Desktop\实验音频\cangku\realtime_wav\normal\cycle_003072_NORMAL.wav,44100,8.0,1.5011995222238248e-05,0.003360046356458437,0.00446779408069275,6.103515625e-05,0.02435302734375,0.02435302734375,0.002506265664160401,保留
cycle_003073_NORMAL.wav,C:\Users\Z0343409\OneDrive - ZF Friedrichshafen AG\Desktop\实验音频\cangku\realtime_wav\normal\cycle_003073_NORMAL.wav,44100,8.0,1.4711813813473908e-05,0.003588366723665751,0.00409986351630327,6.103515625e-05,0.029571533203125,0.029571533203125,0.0020639834881320948,保留
cycle_003075_NORMAL.wav,C:\Users\Z0343409\OneDrive - ZF Friedrichshafen AG\Desktop\实验音频\cangku\realtime_wav\normal\cycle_003075_NORMAL.wav,44100,8.0,1.685043720252432e-05,0.003528532648539936,0.004775480031195638,6.103515625e-05,0.03045654296875,0.03045654296875,0.002004008016032064,保留
cycle_003077_NORMAL.wav,C:\Users\Z0343409\OneDrive - ZF Friedrichshafen AG\Desktop\实验音频\cangku\realtime_wav\normal\cycle_003077_NORMAL.wav,44100,8.0,1.538542018865374e-05,0.003520377202793607,0.004370389677686979,6.103515625e-05,0.0260009765625,0.0260009765625,0.002347417840375587,保留
cycle_003079_NORMAL.wav,C:\Users\Z0343409\OneDrive - ZF Friedrichshafen AG\Desktop\实验音频\cangku\realtime_wav\normal\cycle_003079_NORMAL.wav,44100,8.0,1.5122372585170031e-05,0.003454158265701385,0.004378019598965699,6.103515625e-05,0.036773681640625,0.036773681640625,0.0016597510373443983,保留
cycle_003082_NORMAL.wav,C:\Users\Z0343409\OneDrive - ZF Friedrichshafen AG\Desktop\实验音频\cangku\realtime_wav\normal\cycle_003082_NORMAL.wav,44100,8.0,1.5052385526283795e-05,0.003142635033439078,0.004789733890865312,6.103515625e-05,0.030548095703125,0.030548095703125,0.001998001998001998,保留
cycle_003084_NORMAL.wav,C:\Users\Z0343409\OneDrive - ZF Friedrichshafen AG\Desktop\实验音频\cangku\realtime_wav\normal\cycle_003084_NORMAL.wav,44100,8.0,1.4753920604159964e-05,0.0033782351312820758,0.004367345679269132,6.103515625e-05,0.029632568359375,0.029632568359375,0.0020597322348094747,保留
cycle_003085_NORMAL.wav,C:\Users\Z0343409\OneDrive - ZF Friedrichshafen AG\Desktop\实验音频\cangku\realtime_wav\normal\cycle_003085_NORMAL.wav,44100,8.0,1.6173376291808686e-05,0.0034799059509455026,0.004647647528351829,9.1552734375e-05,0.025909423828125,0.025909423828125,0.0035335689045936395,保留
cycle_003088_NORMAL.wav,C:\Users\Z0343409\OneDrive - ZF Friedrichshafen AG\Desktop\实验音频\cangku\realtime_wav\normal\cycle_003088_NORMAL.wav,44100,8.0,2.2548305909922138e-05,0.0034227699167559402,0.006587736382611761,0.000244140625,0.024169921875,0.024169921875,0.010101010101010102,保留
cycle_003089_NORMAL.wav,C:\Users\Z0343409\OneDrive - ZF Friedrichshafen AG\Desktop\实验音频\cangku\realtime_wav\normal\cycle_003089_NORMAL.wav,44100,8.0,1.486621422037413e-05,0.00325869499143721,0.004562014628382743,6.103515625e-05,0.027587890625,0.027587890625,0.0022123893805309734,保留
cycle_003091_NORMAL.wav,C:\Users\Z0343409\OneDrive - ZF Friedrichshafen AG\Desktop\实验音频\cangku\realtime_wav\normal\cycle_003091_NORMAL.wav,44100,8.0,1.871846897755523e-05,0.0032418713523803175,0.005773970322360678,0.0001220703125,0.029144287109375,0.029144287109375,0.004188481675392671,保留
cycle_003093_NORMAL.wav,C:\Users\Z0343409\OneDrive - ZF Friedrichshafen AG\Desktop\实验音频\cangku\realtime_wav\normal\cycle_003093_NORMAL.wav,44100,8.0,2.5801270802394847e-05,0.0033718266646243643,0.007652015767325696,0.000213623046875,0.030853271484375,0.030853271484375,0.006923837784371909,保留
cycle_003095_NORMAL.wav,C:\Users\Z0343409\OneDrive - ZF Friedrichshafen AG\Desktop\实验音频\cangku\realtime_wav\normal\cycle_003095_NORMAL.wav,44100,8.0,1.9015095227204774e-05,0.003346219830035002,0.0056825600806405694,9.1552734375e-05,0.02630615234375,0.02630615234375,0.0034802784222737818,保留
cycle_003097_NORMAL.wav,C:\Users\Z0343409\OneDrive - ZF Friedrichshafen AG\Desktop\实验音频\cangku\realtime_wav\normal\cycle_003097_NORMAL.wav,44100,8.0,1.574999391143896e-05,0.003609566784336005,0.004363402827116894,6.103515625e-05,0.030059814453125,0.030059814453125,0.0020304568527918783,保留
cycle_003098_NORMAL.wav,C:\Users\Z0343409\OneDrive - ZF Friedrichshafen AG\Desktop\实验音频\cangku\realtime_wav\normal\cycle_003098_NORMAL.wav,44100,8.0,1.796650041761559e-05,0.0037405954979098594,0.00480311234605687,6.103515625e-05,0.03778076171875,0.03778076171875,0.0016155088852988692,保留
cycle_003102_NORMAL.wav,C:\Users\Z0343409\OneDrive - ZF Friedrichshafen AG\Desktop\实验音频\cangku\realtime_wav\normal\cycle_003102_NORMAL.wav,44100,8.0,1.6587546208129604e-05,0.0032348524648242918,0.005127759732013186,6.103515625e-05,0.032928466796875,0.032928466796875,0.0018535681186283596,保留
cycle_003103_NORMAL.wav,C:\Users\Z0343409\OneDrive - ZF Friedrichshafen AG\Desktop\实验音频\cangku\realtime_wav\normal\cycle_003103_NORMAL.wav,44100,8.0,1.6267767898732586e-05,0.0031241181701429283,0.005207155111545712,9.1552734375e-05,0.02557373046875,0.02557373046875,0.003579952267303103,保留
cycle_003106_NORMAL.wav,C:\Users\Z0343409\OneDrive - ZF Friedrichshafen AG\Desktop\实验音频\cangku\realtime_wav\normal\cycle_003106_NORMAL.wav,44100,8.0,1.5002320560457993e-05,0.0033610219973770846,0.0044636186767494195,6.103515625e-05,0.0299072265625,0.0299072265625,0.0020408163265306124,保留
cycle_003107_NORMAL.wav,C:\Users\Z0343409\OneDrive - ZF Friedrichshafen AG\Desktop\实验音频\cangku\realtime_wav\normal\cycle_003107_NORMAL.wav,44100,8.0,2.036256101628364e-05,0.0032491941924465404,0.0062669572239236575,0.000152587890625,0.03076171875,0.03076171875,0.00496031746031746,保留
cycle_003110_NORMAL.wav,C:\Users\Z0343409\OneDrive - ZF Friedrichshafen AG\Desktop\实验音频\cangku\realtime_wav\normal\cycle_003110_NORMAL.wav,44100,8.0,1.5371687801502777e-05,0.0033184653335109645,0.004632167660838391,6.103515625e-05,0.02838134765625,0.02838134765625,0.002150537634408602,保留
cycle_003114_NORMAL.wav,C:\Users\Z0343409\OneDrive - ZF Friedrichshafen AG\Desktop\实验音频\cangku\realtime_wav\normal\cycle_003114_NORMAL.wav,44100,8.0,8.261819154230879e-05,0.0036388386386326313,0.022704549376048804,0.00054931640625,0.02972412109375,0.02972412109375,0.018480492813141684,保留
cycle_003115_NORMAL.wav,C:\Users\Z0343409\OneDrive - ZF Friedrichshafen AG\Desktop\实验音频\cangku\realtime_wav\normal\cycle_003115_NORMAL.wav,44100,8.0,1.593826413002974e-05,0.0035882105670123894,0.004441841924371856,6.103515625e-05,0.02862548828125,0.02862548828125,0.0021321961620469083,保留
cycle_003117_NORMAL.wav,C:\Users\Z0343409\OneDrive - ZF Friedrichshafen AG\Desktop\实验音频\cangku\realtime_wav\normal\cycle_003117_NORMAL.wav,44100,8.0,1.5250136502086354e-05,0.003247639378190817,0.004695760435871376,6.103515625e-05,0.020751953125,0.020751953125,0.0029411764705882353,保留
cycle_003119_NORMAL.wav,C:\Users\Z0343409\OneDrive - ZF Friedrichshafen AG\Desktop\实验音频\cangku\realtime_wav\normal\cycle_003119_NORMAL.wav,44100,8.0,1.5245808380386561e-05,0.003333517376163626,0.004573489998702865,6.103515625e-05,0.02581787109375,0.02581787109375,0.002364066193853428,保留
cycle_003120_NORMAL.wav,C:\Users\Z0343409\OneDrive - ZF Friedrichshafen AG\Desktop\实验音频\cangku\realtime_wav\normal\cycle_003120_NORMAL.wav,44100,8.0,1.4811956159949825e-05,0.0032210386263330027,0.004598503116000358,6.103515625e-05,0.023040771484375,0.023040771484375,0.0026490066225165563,保留
cycle_003124_NORMAL.wav,C:\Users\Z0343409\OneDrive - ZF Friedrichshafen AG\Desktop\实验音频\cangku\realtime_wav\normal\cycle_003124_NORMAL.wav,44100,8.0,1.478519882583479e-05,0.0033805953904066668,0.00437354877421643,6.103515625e-05,0.019561767578125,0.019561767578125,0.0031201248049922,保留
cycle_003126_NORMAL.wav,C:\Users\Z0343409\OneDrive - ZF Friedrichshafen AG\Desktop\实验音频\cangku\realtime_wav\normal\cycle_003126_NORMAL.wav,44100,8.0,1.4619113118442256e-05,0.0033027614769873277,0.004426330275529718,6.103515625e-05,0.026336669921875,0.026336669921875,0.002317497103128621,保留
cycle_003127_NORMAL.wav,C:\Users\Z0343409\OneDrive - ZF Friedrichshafen AG\Desktop\实验音频\cangku\realtime_wav\normal\cycle_003127_NORMAL.wav,44100,8.0,1.4781627521718482e-05,0.003274186921399048,0.004514594883117531,6.103515625e-05,0.027435302734375,0.027435302734375,0.002224694104560623,保留
cycle_003129_NORMAL.wav,C:\Users\Z0343409\OneDrive - ZF Friedrichshafen AG\Desktop\实验音频\cangku\realtime_wav\normal\cycle_003129_NORMAL.wav,44100,8.0,2.3503863916783006e-05,0.00360526727584901,0.00651931247212401,0.000213623046875,0.02471923828125,0.02471923828125,0.008641975308641974,保留
cycle_003131_NORMAL.wav,C:\Users\Z0343409\OneDrive - ZF Friedrichshafen AG\Desktop\实验音频\cangku\realtime_wav\normal\cycle_003131_NORMAL.wav,44100,8.0,1.6969859540866623e-05,0.003466382758072604,0.004895552720295173,0.0001220703125,0.022979736328125,0.022979736328125,0.005312084993359893,保留
cycle_003133_NORMAL.wav,C:\Users\Z0343409\OneDrive - ZF Friedrichshafen AG\Desktop\实验音频\cangku\realtime_wav\normal\cycle_003133_NORMAL.wav,44100,8.0,1.528558087384444e-05,0.003437341093287701,0.004446920005609422,6.103515625e-05,0.029266357421875,0.029266357421875,0.0020855057351407717,保留
cycle_003134_NORMAL.wav,C:\Users\Z0343409\OneDrive - ZF Friedrichshafen AG\Desktop\实验音频\cangku\realtime_wav\normal\cycle_003134_NORMAL.wav,44100,8.0,1.464256866830333e-05,0.0031335330133208167,0.00467286242272125,6.103515625e-05,0.022064208984375,0.022064208984375,0.0027662517289073307,保留
cycle_003137_NORMAL.wav,C:\Users\Z0343409\OneDrive - ZF Friedrichshafen AG\Desktop\实验音频\cangku\realtime_wav\normal\cycle_003137_NORMAL.wav,44100,8.0,1.4987356526486433e-05,0.0032460095850305325,0.004617163361316895,6.103515625e-05,0.02392578125,0.02392578125,0.002551020408163265,保留
cycle_003139_NORMAL.wav,C:\Users\Z0343409\OneDrive - ZF Friedrichshafen AG\Desktop\实验音频\cangku\realtime_wav\normal\cycle_003139_NORMAL.wav,44100,8.0,1.4682177312000822e-05,0.0034815923098949716,0.004217086897358105,6.103515625e-05,0.023834228515625,0.023834228515625,0.002560819462227913,保留
cycle_003140_NORMAL.wav,C:\Users\Z0343409\OneDrive - ZF Friedrichshafen AG\Desktop\实验音频\cangku\realtime_wav\normal\cycle_003140_NORMAL.wav,44100,8.0,1.4847557596139766e-05,0.0031458873972536276,0.004719672296313512,6.103515625e-05,0.023193359375,0.023193359375,0.002631578947368421,保留
cycle_003141_NORMAL.wav,C:\Users\Z0343409\OneDrive - ZF Friedrichshafen AG\Desktop\实验音频\cangku\realtime_wav\normal\cycle_003141_NORMAL.wav,44100,8.0,1.4715402060798844e-05,0.002996520000271064,0.0049108305832991925,6.103515625e-05,0.02337646484375,0.02337646484375,0.0026109660574412533,保留
cycle_003143_NORMAL.wav,C:\Users\Z0343409\OneDrive - ZF Friedrichshafen AG\Desktop\实验音频\cangku\realtime_wav\normal\cycle_003143_NORMAL.wav,44100,8.0,1.4797691602736918e-05,0.0034192537466514,0.004327754738070796,6.103515625e-05,0.032318115234375,0.032318115234375,0.0018885741265344666,保留
cycle_003144_NORMAL.wav,C:\Users\Z0343409\OneDrive - ZF Friedrichshafen AG\Desktop\实验音频\cangku\realtime_wav\normal\cycle_003144_NORMAL.wav,44100,8.0,1.4675883087429851e-05,0.0033192453360665,0.004421451746263997,6.103515625e-05,0.0224609375,0.0224609375,0.002717391304347826,保留
cycle_003146_NORMAL.wav,C:\Users\Z0343409\OneDrive - ZF Friedrichshafen AG\Desktop\实验音频\cangku\realtime_wav\normal\cycle_003146_NORMAL.wav,44100,8.0,1.4880413091060976e-05,0.003424911018186355,0.004344759035211615,6.103515625e-05,0.027252197265625,0.027252197265625,0.0022396416573348264,保留
cycle_003147_NORMAL.wav,C:\Users\Z0343409\OneDrive - ZF Friedrichshafen AG\Desktop\实验音频\cangku\realtime_wav\normal\cycle_003147_NORMAL.wav,44100,8.0,1.5557749094191462e-05,0.0032079953904512607,0.004849679379371861,6.103515625e-05,0.024993896484375,0.024993896484375,0.002442002442002442,保留
cycle_003148_NORMAL.wav,C:\Users\Z0343409\OneDrive - ZF Friedrichshafen AG\Desktop\实验音频\cangku\realtime_wav\normal\cycle_003148_NORMAL.wav,44100,8.0,1.4692961138142146e-05,0.0032792721129135892,0.004480555633148616,6.103515625e-05,0.023651123046875,0.023651123046875,0.0025806451612903226,保留
cycle_003150_NORMAL.wav,C:\Users\Z0343409\OneDrive - ZF Friedrichshafen AG\Desktop\实验音频\cangku\realtime_wav\normal\cycle_003150_NORMAL.wav,44100,8.0,1.4663286532891094e-05,0.003250665397655244,0.0045108569290053515,6.103515625e-05,0.02813720703125,0.02813720703125,0.0021691973969631237,保留
cycle_003152_NORMAL.wav,C:\Users\Z0343409\OneDrive - ZF Friedrichshafen AG\Desktop\实验音频\cangku\realtime_wav\normal\cycle_003152_NORMAL.wav,44100,8.0,1.4627236603653242e-05,0.003399213763110239,0.004303123493554433,6.103515625e-05,0.0238037109375,0.0238037109375,0.002564102564102564,保留
cycle_003153_NORMAL.wav,C:\Users\Z0343409\OneDrive - ZF Friedrichshafen AG\Desktop\实验音频\cangku\realtime_wav\normal\cycle_003153_NORMAL.wav,44100,8.0,1.4707327273217256e-05,0.0037592981086646193,0.003912253523954131,6.103515625e-05,0.02532958984375,0.02532958984375,0.0024096385542168677,保留
cycle_003155_NORMAL.wav,C:\Users\Z0343409\OneDrive - ZF Friedrichshafen AG\Desktop\实验音频\cangku\realtime_wav\normal\cycle_003155_NORMAL.wav,44100,8.0,1.4682177312000822e-05,0.003351491793247232,0.004380788680904209,6.103515625e-05,0.028289794921875,0.028289794921875,0.002157497303128371,保留
cycle_003157_NORMAL.wav,C:\Users\Z0343409\OneDrive - ZF Friedrichshafen AG\Desktop\实验音频\cangku\realtime_wav\normal\cycle_003157_NORMAL.wav,44100,8.0,2.5649400723975274e-05,0.003622550183573736,0.007080481821972029,0.00018310546875,0.02679443359375,0.02679443359375,0.00683371298405467,保留
cycle_003159_NORMAL.wav,C:\Users\Z0343409\OneDrive - ZF Friedrichshafen AG\Desktop\实验音频\cangku\realtime_wav\normal\cycle_003159_NORMAL.wav,44100,8.0,1.4707327273217256e-05,0.0032566629498077815,0.004516072894213793,6.103515625e-05,0.02130126953125,0.02130126953125,0.0028653295128939827,保留
cycle_003160_NORMAL.wav,C:\Users\Z0343409\OneDrive - ZF Friedrichshafen AG\Desktop\实验音频\cangku\realtime_wav\normal\cycle_003160_NORMAL.wav,44100,8.0,1.5090043916926515e-05,0.003405570624450992,0.004430988395479,6.103515625e-05,0.0218505859375,0.0218505859375,0.002793296089385475,保留
cycle_003163_NORMAL.wav,C:\Users\Z0343409\OneDrive - ZF Friedrichshafen AG\Desktop\实验音频\cangku\realtime_wav\normal\cycle_003163_NORMAL.wav,44100,8.0,1.4818192585784466e-05,0.003217119755234417,0.004606043204227792,6.103515625e-05,0.019989013671875,0.019989013671875,0.0030534351145038168,保留
cycle_003166_NORMAL.wav,C:\Users\Z0343409\OneDrive - ZF Friedrichshafen AG\Desktop\实验音频\cangku\realtime_wav\normal\cycle_003166_NORMAL.wav,44100,8.0,1.4786091517085467e-05,0.0033092892253290926,0.004468056585660041,6.103515625e-05,0.021728515625,0.021728515625,0.0028089887640449437,保留
cycle_003168_NORMAL.wav,C:\Users\Z0343409\OneDrive - ZF Friedrichshafen AG\Desktop\实验音频\cangku\realtime_wav\normal\cycle_003168_NORMAL.wav,44100,8.0,1.5110148250578413e-05,0.0030190186179161905,0.005004986773154732,6.103515625e-05,0.0235595703125,0.0235595703125,0.0025906735751295338,保留
cycle_003178_NORMAL.wav,C:\Users\Z0343409\OneDrive - ZF Friedrichshafen AG\Desktop\实验音频\cangku\realtime_wav\normal\cycle_003178_NORMAL.wav,44100,8.0,1.4600140742282047e-05,0.0031719455979248583,0.004602897588102933,6.103515625e-05,0.023529052734375,0.023529052734375,0.0025940337224383916,保留
cycle_003180_NORMAL.wav,C:\Users\Z0343409\OneDrive - ZF Friedrichshafen AG\Desktop\实验音频\cangku\realtime_wav\normal\cycle_003180_NORMAL.wav,44100,8.0,1.4607371219754996e-05,0.0031907845739315706,0.004577987288485702,6.103515625e-05,0.022979736328125,0.022979736328125,0.0026560424966799467,保留
cycle_003181_NORMAL.wav,C:\Users\Z0343409\OneDrive - ZF Friedrichshafen AG\Desktop\实验音频\cangku\realtime_wav\normal\cycle_003181_NORMAL.wav,44100,8.0,1.4638962568342647e-05,0.003120414123430863,0.004691352490177573,6.103515625e-05,0.02716064453125,0.02716064453125,0.0022471910112359553,保留
cycle_003183_NORMAL.wav,C:\Users\Z0343409\OneDrive - ZF Friedrichshafen AG\Desktop\实验音频\cangku\realtime_wav\normal\cycle_003183_NORMAL.wav,44100,8.0,1.4599236680809166e-05,0.0030825811223912586,0.004736042978646435,6.103515625e-05,0.020751953125,0.020751953125,0.0029411764705882353,保留
cycle_003184_NORMAL.wav,C:\Users\Z0343409\OneDrive - ZF Friedrichshafen AG\Desktop\实验音频\cangku\realtime_wav\normal\cycle_003184_NORMAL.wav,44100,8.0,1.468667153516525e-05,0.0032827122037536734,0.004473944294712014,6.103515625e-05,0.02349853515625,0.02349853515625,0.0025974025974025974,保留
cycle_003188_NORMAL.wav,C:\Users\Z0343409\OneDrive - ZF Friedrichshafen AG\Desktop\实验音频\cangku\realtime_wav\normal\cycle_003188_NORMAL.wav,44100,8.0,1.4666886652398542e-05,0.0030489565968236302,0.004810460951683715,6.103515625e-05,0.020843505859375,0.020843505859375,0.0029282576866764276,保留
cycle_003195_NORMAL.wav,C:\Users\Z0343409\OneDrive - ZF Friedrichshafen AG\Desktop\实验音频\cangku\realtime_wav\normal\cycle_003195_NORMAL.wav,44100,8.0,1.4789661743267423e-05,0.003271806852750454,0.004520334606804326,6.103515625e-05,0.0198974609375,0.0198974609375,0.003067484662576687,保留
cycle_003204_NORMAL.wav,C:\Users\Z0343409\OneDrive - ZF Friedrichshafen AG\Desktop\实验音频\cangku\realtime_wav\normal\cycle_003204_NORMAL.wav,44100,8.0,1.461279173001136e-05,0.0034478914265671716,0.004238182100925467,3.0517578125e-05,0.024444580078125,0.024444580078125,0.0012484394506866417,保留
cycle_003205_NORMAL.wav,C:\Users\Z0343409\OneDrive - ZF Friedrichshafen AG\Desktop\实验音频\cangku\realtime_wav\normal\cycle_003205_NORMAL.wav,44100,8.0,1.4786091517085467e-05,0.003365565038112936,0.0043933459462652345,6.103515625e-05,0.0250244140625,0.0250244140625,0.0024390243902439024,保留
cycle_003208_NORMAL.wav,C:\Users\Z0343409\OneDrive - ZF Friedrichshafen AG\Desktop\实验音频\cangku\realtime_wav\normal\cycle_003208_NORMAL.wav,44100,8.0,1.941283871875726e-05,0.0030495238340079505,0.006365858991580076,0.000213623046875,0.020904541015625,0.020904541015625,0.010218978102189781,保留
cycle_003209_NORMAL.wav,C:\Users\Z0343409\OneDrive - ZF Friedrichshafen AG\Desktop\实验音频\cangku\realtime_wav\normal\cycle_003209_NORMAL.wav,44100,8.0,1.5170301393628234e-05,0.0037017887660449325,0.004098100230023794,6.103515625e-05,0.02459716796875,0.02459716796875,0.0024813895781637717,保留
cycle_003211_NORMAL.wav,C:\Users\Z0343409\OneDrive - ZF Friedrichshafen AG\Desktop\实验音频\cangku\realtime_wav\normal\cycle_003211_NORMAL.wav,44100,8.0,1.4648877207182141e-05,0.0035557396529376957,0.004119783402893255,6.103515625e-05,0.02752685546875,0.02752685546875,0.0022172949002217295,保留
cycle_003213_NORMAL.wav,C:\Users\Z0343409\OneDrive - ZF Friedrichshafen AG\Desktop\实验音频\cangku\realtime_wav\normal\cycle_003213_NORMAL.wav,44100,8.0,1.600190338537688e-05,0.0032783635619552786,0.00488106431241355,9.1552734375e-05,0.02099609375,0.02099609375,0.00436046511627907,保留
cycle_003215_NORMAL.wav,C:\Users\Z0343409\OneDrive - ZF Friedrichshafen AG\Desktop\实验音频\cangku\realtime_wav\normal\cycle_003215_NORMAL.wav,44100,8.0,1.512499080003631e-05,0.003422443325618813,0.004419354642578794,6.103515625e-05,0.024993896484375,0.024993896484375,0.002442002442002442,保留
cycle_003216_NORMAL.wav,C:\Users\Z0343409\OneDrive - ZF Friedrichshafen AG\Desktop\实验音频\cangku\realtime_wav\normal\cycle_003216_NORMAL.wav,44100,8.0,1.4587478782990565e-05,0.003167401541221159,0.004605503468109861,3.0517578125e-05,0.022308349609375,0.022308349609375,0.0013679890560875513,保留
cycle_003219_NORMAL.wav,C:\Users\Z0343409\OneDrive - ZF Friedrichshafen AG\Desktop\实验音频\cangku\realtime_wav\normal\cycle_003219_NORMAL.wav,44100,8.0,1.5021663653080084e-05,0.003546963160651087,0.004235077437433176,6.103515625e-05,0.031646728515625,0.031646728515625,0.0019286403085824494,保留
cycle_003220_NORMAL.wav,C:\Users\Z0343409\OneDrive - ZF Friedrichshafen AG\Desktop\实验音频\cangku\realtime_wav\normal\cycle_003220_NORMAL.wav,44100,8.0,1.4599236680809166e-05,0.003069140602489761,0.004756783273130567,6.103515625e-05,0.0228271484375,0.0228271484375,0.00267379679144385,保留
cycle_003223_NORMAL.wav,C:\Users\Z0343409\OneDrive - ZF Friedrichshafen AG\Desktop\实验音频\cangku\realtime_wav\normal\cycle_003223_NORMAL.wav,44100,8.0,1.4678580942733888e-05,0.0034657009761009066,0.004235385869685749,6.103515625e-05,0.0244140625,0.0244140625,0.0025,保留
cycle_003225_NORMAL.wav,C:\Users\Z0343409\OneDrive - ZF Friedrichshafen AG\Desktop\实验音频\cangku\realtime_wav\normal\cycle_003225_NORMAL.wav,44100,8.0,1.5097914018307748e-05,0.003383064086122635,0.00446279279196618,6.103515625e-05,0.024749755859375,0.024749755859375,0.002466091245376079,保留
cycle_003226_NORMAL.wav,C:\Users\Z0343409\OneDrive - ZF Friedrichshafen AG\Desktop\实验音频\cangku\realtime_wav\normal\cycle_003226_NORMAL.wav,44100,8.0,1.4671385559486467e-05,0.0030794729830214526,0.0047642520783187725,6.103515625e-05,0.02496337890625,0.02496337890625,0.0024449877750611247,保留
cycle_003229_NORMAL.wav,C:\Users\Z0343409\OneDrive - ZF Friedrichshafen AG\Desktop\实验音频\cangku\realtime_wav\normal\cycle_003229_NORMAL.wav,44100,8.0,1.4766439843242519e-05,0.0034584205087590213,0.004269706302586418,6.103515625e-05,0.023468017578125,0.023468017578125,0.002600780234070221,保留
cycle_003231_NORMAL.wav,C:\Users\Z0343409\OneDrive - ZF Friedrichshafen AG\Desktop\实验音频\cangku\realtime_wav\normal\cycle_003231_NORMAL.wav,44100,8.0,1.4653381643562759e-05,0.00360504237039745,0.004064690546743075,6.103515625e-05,0.02685546875,0.02685546875,0.0022727272727272726,保留
cycle_003232_NORMAL.wav,C:\Users\Z0343409\OneDrive - ZF Friedrichshafen AG\Desktop\实验音频\cangku\realtime_wav\normal\cycle_003232_NORMAL.wav,44100,8.0,1.4749446872105218e-05,0.003150363235788443,0.004681824211427438,6.103515625e-05,0.027679443359375,0.027679443359375,0.002205071664829107,保留
cycle_003234_NORMAL.wav,C:\Users\Z0343409\OneDrive - ZF Friedrichshafen AG\Desktop\实验音频\cangku\realtime_wav\normal\cycle_003234_NORMAL.wav,44100,8.0,4.717925467572291e-05,0.003093593718164787,0.015250630487997973,0.00054931640625,0.022125244140625,0.022125244140625,0.02482758620689655,保留
cycle_003236_NORMAL.wav,C:\Users\Z0343409\OneDrive - ZF Friedrichshafen AG\Desktop\实验音频\cangku\realtime_wav\normal\cycle_003236_NORMAL.wav,44100,8.0,1.5417985588381045e-05,0.003023474999647167,0.005099425525324433,9.1552734375e-05,0.02532958984375,0.02532958984375,0.0036144578313253013,保留
cycle_003237_NORMAL.wav,C:\Users\Z0343409\OneDrive - ZF Friedrichshafen AG\Desktop\实验音频\cangku\realtime_wav\normal\cycle_003237_NORMAL.wav,44100,8.0,1.4626334216990016e-05,0.002820058365848149,0.005186535993055966,6.103515625e-05,0.0274658203125,0.0274658203125,0.0022222222222222222,保留
cycle_003238_NORMAL.wav,C:\Users\Z0343409\OneDrive - ZF Friedrichshafen AG\Desktop\实验音频\cangku\realtime_wav\normal\cycle_003238_NORMAL.wav,44100,8.0,1.4640765729348234e-05,0.002963077832682982,0.004941066875753122,6.103515625e-05,0.0244140625,0.0244140625,0.0025,保留
cycle_003240_NORMAL.wav,C:\Users\Z0343409\OneDrive - ZF Friedrichshafen AG\Desktop\实验音频\cangku\realtime_wav\normal\cycle_003240_NORMAL.wav,44100,8.0,1.4607371219754996e-05,0.0034019246674609235,0.004293854993166977,3.0517578125e-05,0.030517578125,0.030517578125,0.001,保留
cycle_003242_NORMAL.wav,C:\Users\Z0343409\OneDrive - ZF Friedrichshafen AG\Desktop\实验音频\cangku\realtime_wav\normal\cycle_003242_NORMAL.wav,44100,8.0,1.4634453693819104e-05,0.003337570854810133,0.00438476195126399,6.103515625e-05,0.035797119140625,0.035797119140625,0.0017050298380221654,保留
cycle_003244_NORMAL.wav,C:\Users\Z0343409\OneDrive - ZF Friedrichshafen AG\Desktop\实验音频\cangku\realtime_wav\normal\cycle_003244_NORMAL.wav,44100,8.0,4.665910533103182e-05,0.003275700732859885,0.014244007354815834,0.00048828125,0.02325439453125,0.02325439453125,0.02099737532808399,保留
cycle_003245_NORMAL.wav,C:\Users\Z0343409\OneDrive - ZF Friedrichshafen AG\Desktop\实验音频\cangku\realtime_wav\normal\cycle_003245_NORMAL.wav,44100,8.0,1.4650679147924204e-05,0.0033626888706637793,0.004356834578345105,6.103515625e-05,0.031890869140625,0.031890869140625,0.0019138755980861245,保留
cycle_003249_NORMAL.wav,C:\Users\Z0343409\OneDrive - ZF Friedrichshafen AG\Desktop\实验音频\cangku\realtime_wav\normal\cycle_003249_NORMAL.wav,44100,8.0,1.4610081726267224e-05,0.0032027760359916975,0.004561693219283566,6.103515625e-05,0.027374267578125,0.027374267578125,0.002229654403567447,保留
cycle_003251_NORMAL.wav,C:\Users\Z0343409\OneDrive - ZF Friedrichshafen AG\Desktop\实验音频\cangku\realtime_wav\normal\cycle_003251_NORMAL.wav,44100,8.0,1.4645272660570689e-05,0.003417343945025155,0.004285571746996887,6.103515625e-05,0.0262451171875,0.0262451171875,0.002325581395348837,保留
cycle_003252_NORMAL.wav,C:\Users\Z0343409\OneDrive - ZF Friedrichshafen AG\Desktop\实验音频\cangku\realtime_wav\normal\cycle_003252_NORMAL.wav,44100,8.0,1.603239343157681e-05,0.0031071049184916745,0.005159913762860521,6.103515625e-05,0.029388427734375,0.029388427734375,0.0020768431983385254,保留
cycle_003253_NORMAL.wav,C:\Users\Z0343409\OneDrive - ZF Friedrichshafen AG\Desktop\实验音频\cangku\realtime_wav\normal\cycle_003253_NORMAL.wav,44100,8.0,1.4834217070283256e-05,0.0031562395274595473,0.004699965557501048,6.103515625e-05,0.020172119140625,0.020172119140625,0.0030257186081694403,保留
cycle_003255_NORMAL.wav,C:\Users\Z0343409\OneDrive - ZF Friedrichshafen AG\Desktop\实验音频\cangku\realtime_wav\normal\cycle_003255_NORMAL.wav,44100,8.0,1.4627236603653242e-05,0.0033296236313833417,0.004393060064141886,6.103515625e-05,0.024078369140625,0.024078369140625,0.0025348542458808617,保留
cycle_003256_NORMAL.wav,C:\Users\Z0343409\OneDrive - ZF Friedrichshafen AG\Desktop\实验音频\cangku\realtime_wav\normal\cycle_003256_NORMAL.wav,44100,8.0,1.5111895189511423e-05,0.003374499481487554,0.004478262709007668,6.103515625e-05,0.0242919921875,0.0242919921875,0.002512562814070352,保留
cycle_003259_NORMAL.wav,C:\Users\Z0343409\OneDrive - ZF Friedrichshafen AG\Desktop\实验音频\cangku\realtime_wav\normal\cycle_003259_NORMAL.wav,44100,8.0,1.9003985844687976e-05,0.003528727611681434,0.0053855066006731536,0.00018310546875,0.02764892578125,0.02764892578125,0.006622516556291391,保留
cycle_003261_NORMAL.wav,C:\Users\Z0343409\OneDrive - ZF Friedrichshafen AG\Desktop\实验音频\cangku\realtime_wav\normal\cycle_003261_NORMAL.wav,44100,8.0,1.4700145960643987e-05,0.0035018635977137184,0.004197806553699395,6.103515625e-05,0.023406982421875,0.023406982421875,0.002607561929595828,保留
cycle_003264_NORMAL.wav,C:\Users\Z0343409\OneDrive - ZF Friedrichshafen AG\Desktop\实验音频\cangku\realtime_wav\normal\cycle_003264_NORMAL.wav,44100,8.0,1.4602852590878435e-05,0.0033075454251285732,0.004415011954162589,6.103515625e-05,0.02587890625,0.02587890625,0.0023584905660377358,保留
cycle_003266_NORMAL.wav,C:\Users\Z0343409\OneDrive - ZF Friedrichshafen AG\Desktop\实验音频\cangku\realtime_wav\normal\cycle_003266_NORMAL.wav,44100,8.0,1.4681278302275704e-05,0.0033838746972095594,0.004338599864345542,6.103515625e-05,0.02398681640625,0.02398681640625,0.002544529262086514,保留
cycle_003267_NORMAL.wav,C:\Users\Z0343409\OneDrive - ZF Friedrichshafen AG\Desktop\实验音频\cangku\realtime_wav\normal\cycle_003267_NORMAL.wav,44100,8.0,1.4709122053536736e-05,0.0034073232020434274,0.004316914240690591,6.103515625e-05,0.0284423828125,0.0284423828125,0.002145922746781116,保留
cycle_003269_NORMAL.wav,C:\Users\Z0343409\OneDrive - ZF Friedrichshafen AG\Desktop\实验音频\cangku\realtime_wav\normal\cycle_003269_NORMAL.wav,44100,8.0,1.5104032373155712e-05,0.0036648866323426713,0.004121282290115725,6.103515625e-05,0.034515380859375,0.034515380859375,0.0017683465959328027,保留
cycle_003271_NORMAL.wav,C:\Users\Z0343409\OneDrive - ZF Friedrichshafen AG\Desktop\实验音频\cangku\realtime_wav\normal\cycle_003271_NORMAL.wav,44100,8.0,1.5213742011140255e-05,0.003404186178950799,0.004469127483453113,6.103515625e-05,0.0281982421875,0.0281982421875,0.0021645021645021645,保留
cycle_003272_NORMAL.wav,C:\Users\Z0343409\OneDrive - ZF Friedrichshafen AG\Desktop\实验音频\cangku\realtime_wav\normal\cycle_003272_NORMAL.wav,44100,8.0,1.4674983692111867e-05,0.0036564051960624893,0.004013500393204524,6.103515625e-05,0.02740478515625,0.02740478515625,0.0022271714922048997,保留
cycle_003273_NORMAL.wav,C:\Users\Z0343409\OneDrive - ZF Friedrichshafen AG\Desktop\实验音频\cangku\realtime_wav\normal\cycle_003273_NORMAL.wav,44100,8.0,1.4690265923749455e-05,0.003451212005114637,0.004256552742045036,6.103515625e-05,0.022216796875,0.022216796875,0.0027472527472527475,保留
cycle_003275_NORMAL.wav,C:\Users\Z0343409\OneDrive - ZF Friedrichshafen AG\Desktop\实验音频\cangku\realtime_wav\normal\cycle_003275_NORMAL.wav,44100,8.0,1.472974630893308e-05,0.0038791791567504854,0.003797129679690254,6.103515625e-05,0.03448486328125,0.03448486328125,0.0017699115044247787,保留
cycle_003285_NORMAL.wav,C:\Users\Z0343409\OneDrive - ZF Friedrichshafen AG\Desktop\实验音频\cangku\realtime_wav\normal\cycle_003285_NORMAL.wav,44100,8.0,1.4620015950811094e-05,0.0034153774468290115,0.004280644285563509,6.103515625e-05,0.027069091796875,0.027069091796875,0.002254791431792559,保留
cycle_003286_NORMAL.wav,C:\Users\Z0343409\OneDrive - ZF Friedrichshafen AG\Desktop\实验音频\cangku\realtime_wav\normal\cycle_003286_NORMAL.wav,44100,8.0,1.4636257410310063e-05,0.0035145167635856423,0.004164514894894854,6.103515625e-05,0.022674560546875,0.022674560546875,0.0026917900403768506,保留
cycle_003288_NORMAL.wav,C:\Users\Z0343409\OneDrive - ZF Friedrichshafen AG\Desktop\实验音频\cangku\realtime_wav\normal\cycle_003288_NORMAL.wav,44100,8.0,1.4602852590878435e-05,0.003522139918608513,0.0041460171737435015,3.0517578125e-05,0.031219482421875,0.031219482421875,0.0009775171065493646,保留
cycle_003289_NORMAL.wav,C:\Users\Z0343409\OneDrive - ZF Friedrichshafen AG\Desktop\实验音频\cangku\realtime_wav\normal\cycle_003289_NORMAL.wav,44100,8.0,1.576507129033198e-05,0.003743046340592495,0.004211829043996419,0.0001220703125,0.03704833984375,0.03704833984375,0.0032948929159802307,保留
cycle_003291_NORMAL.wav,C:\Users\Z0343409\OneDrive - ZF Friedrichshafen AG\Desktop\实验音频\cangku\realtime_wav\normal\cycle_003291_NORMAL.wav,44100,8.0,1.4622724113462981e-05,0.003123438953850758,0.004681610343443797,6.103515625e-05,0.0255126953125,0.0255126953125,0.0023923444976076554,保留
cycle_003293_NORMAL.wav,C:\Users\Z0343409\OneDrive - ZF Friedrichshafen AG\Desktop\实验音频\cangku\realtime_wav\normal\cycle_003293_NORMAL.wav,44100,8.0,1.7364282977853625e-05,0.0035026938249636624,0.004957408167993034,9.1552734375e-05,0.027801513671875,0.027801513671875,0.003293084522502744,保留
cycle_003295_NORMAL.wav,C:\Users\Z0343409\OneDrive - ZF Friedrichshafen AG\Desktop\实验音频\cangku\realtime_wav\normal\cycle_003295_NORMAL.wav,44100,8.0,1.4671385559486467e-05,0.003326582929966906,0.004410347154529655,6.103515625e-05,0.02398681640625,0.02398681640625,0.002544529262086514,保留
cycle_003297_NORMAL.wav,C:\Users\Z0343409\OneDrive - ZF Friedrichshafen AG\Desktop\实验音频\cangku\realtime_wav\normal\cycle_003297_NORMAL.wav,44100,8.0,1.495561855939916e-05,0.003447876822590561,0.004337631339208418,6.103515625e-05,0.025421142578125,0.025421142578125,0.0024009603841536613,保留
cycle_003299_NORMAL.wav,C:\Users\Z0343409\OneDrive - ZF Friedrichshafen AG\Desktop\实验音频\cangku\realtime_wav\normal\cycle_003299_NORMAL.wav,44100,8.0,1.4670485888441042e-05,0.0031936727484160434,0.004593609628825345,6.103515625e-05,0.021575927734375,0.021575927734375,0.002828854314002829,保留
cycle_003301_NORMAL.wav,C:\Users\Z0343409\OneDrive - ZF Friedrichshafen AG\Desktop\实验音频\cangku\realtime_wav\normal\cycle_003301_NORMAL.wav,44100,8.0,1.465428236468993e-05,0.0032386659694869976,0.0045247896827752074,6.103515625e-05,0.019775390625,0.019775390625,0.0030864197530864196,保留
cycle_003303_NORMAL.wav,C:\Users\Z0343409\OneDrive - ZF Friedrichshafen AG\Desktop\实验音频\cangku\realtime_wav\normal\cycle_003303_NORMAL.wav,44100,8.0,1.4619113118442256e-05,0.0033438306452804644,0.004371965768982919,6.103515625e-05,0.028411865234375,0.028411865234375,0.0021482277121374865,保留
cycle_003305_NORMAL.wav,C:\Users\Z0343409\OneDrive - ZF Friedrichshafen AG\Desktop\实验音频\cangku\realtime_wav\normal\cycle_003305_NORMAL.wav,44100,8.0,1.4870652823829073e-05,0.0034987681469150745,0.0042502538606168545,6.103515625e-05,0.023651123046875,0.023651123046875,0.0025806451612903226,保留
cycle_003306_NORMAL.wav,C:\Users\Z0343409\OneDrive - ZF Friedrichshafen AG\Desktop\实验音频\cangku\realtime_wav\normal\cycle_003306_NORMAL.wav,44100,8.0,3.120191382066111e-05,0.0033694672904761767,0.009260191932669458,0.000457763671875,0.02587890625,0.02587890625,0.01768867924528302,保留
cycle_003309_NORMAL.wav,C:\Users\Z0343409\OneDrive - ZF Friedrichshafen AG\Desktop\实验音频\cangku\realtime_wav\normal\cycle_003309_NORMAL.wav,44100,8.0,1.521113907256958e-05,0.0033738196701341627,0.0045085809437955815,6.103515625e-05,0.026397705078125,0.026397705078125,0.0023121387283236996,保留
cycle_003312_NORMAL.wav,C:\Users\Z0343409\OneDrive - ZF Friedrichshafen AG\Desktop\实验音频\cangku\realtime_wav\normal\cycle_003312_NORMAL.wav,44100,8.0,1.4660585863095118e-05,0.003506982674003249,0.00418039871476181,6.103515625e-05,0.03509521484375,0.03509521484375,0.0017391304347826088,保留
cycle_003315_NORMAL.wav,C:\Users\Z0343409\OneDrive - ZF Friedrichshafen AG\Desktop\实验音频\cangku\realtime_wav\normal\cycle_003315_NORMAL.wav,44100,8.0,1.4851113045806664e-05,0.003860938316972081,0.003846503576740269,6.103515625e-05,0.027862548828125,0.027862548828125,0.002190580503833516,保留
cycle_003316_NORMAL.wav,C:\Users\Z0343409\OneDrive - ZF Friedrichshafen AG\Desktop\实验音频\cangku\realtime_wav\normal\cycle_003316_NORMAL.wav,44100,8.0,1.698463115430499e-05,0.003374382876131725,0.005033403670473689,9.1552734375e-05,0.0272216796875,0.0272216796875,0.0033632286995515697,保留
cycle_003329_NORMAL.wav,C:\Users\Z0343409\OneDrive - ZF Friedrichshafen AG\Desktop\实验音频\cangku\realtime_wav\normal\cycle_003329_NORMAL.wav,44100,8.0,1.47566041923722e-05,0.0036491434059431923,0.004043854283265162,6.103515625e-05,0.033233642578125,0.033233642578125,0.0018365472910927456,保留
cycle_003330_NORMAL.wav,C:\Users\Z0343409\OneDrive - ZF Friedrichshafen AG\Desktop\实验音频\cangku\realtime_wav\normal\cycle_003330_NORMAL.wav,44100,8.0,1.4579333145063843e-05,0.003469566535081136,0.004202061841919081,3.0517578125e-05,0.0306396484375,0.0306396484375,0.00099601593625498,保留
cycle_003334_NORMAL.wav,C:\Users\Z0343409\OneDrive - ZF Friedrichshafen AG\Desktop\实验音频\cangku\realtime_wav\normal\cycle_003334_NORMAL.wav,44100,8.0,1.4616404286736516e-05,0.003440599589377039,0.004248214274007685,6.103515625e-05,0.02752685546875,0.02752685546875,0.0022172949002217295,保留
cycle_003336_NORMAL.wav,C:\Users\Z0343409\OneDrive - ZF Friedrichshafen AG\Desktop\实验音频\cangku\realtime_wav\normal\cycle_003336_NORMAL.wav,44100,8.0,1.4687570214776626e-05,0.003463977180066953,0.00424008861816253,6.103515625e-05,0.028289794921875,0.028289794921875,0.002157497303128371,保留
cycle_003337_NORMAL.wav,C:\Users\Z0343409\OneDrive - ZF Friedrichshafen AG\Desktop\实验音频\cangku\realtime_wav\normal\cycle_003337_NORMAL.wav,44100,8.0,1.4630845593741136e-05,0.0036051392141380045,0.004058330268180615,6.103515625e-05,0.02593994140625,0.02593994140625,0.002352941176470588,保留
cycle_003352_NORMAL.wav,C:\Users\Z0343409\OneDrive - ZF Friedrichshafen AG\Desktop\实验音频\cangku\realtime_wav\normal\cycle_003352_NORMAL.wav,44100,8.0,1.4592906682260452e-05,0.003395753623933898,0.004297398544878802,6.103515625e-05,0.028564453125,0.028564453125,0.002136752136752137,保留
cycle_003353_NORMAL.wav,C:\Users\Z0343409\OneDrive - ZF Friedrichshafen AG\Desktop\实验音频\cangku\realtime_wav\normal\cycle_003353_NORMAL.wav,44100,8.0,1.4688468839404392e-05,0.003555497111141881,0.004131199767642914,6.103515625e-05,0.022613525390625,0.022613525390625,0.002699055330634278,保留
cycle_003355_NORMAL.wav,C:\Users\Z0343409\OneDrive - ZF Friedrichshafen AG\Desktop\实验音频\cangku\realtime_wav\normal\cycle_003355_NORMAL.wav,44100,8.0,1.495561855939916e-05,0.0031855717080089344,0.004694798902752314,9.1552734375e-05,0.02752685546875,0.02752685546875,0.0033259423503325942,保留
cycle_003356_NORMAL.wav,C:\Users\Z0343409\OneDrive - ZF Friedrichshafen AG\Desktop\实验音频\cangku\realtime_wav\normal\cycle_003356_NORMAL.wav,44100,8.0,1.459471553342107e-05,0.0034589315031828428,0.004219428895886285,6.103515625e-05,0.02557373046875,0.02557373046875,0.002386634844868735,保留
cycle_003366_NORMAL.wav,C:\Users\Z0343409\OneDrive - ZF Friedrichshafen AG\Desktop\实验音频\cangku\realtime_wav\normal\cycle_003366_NORMAL.wav,44100,8.0,1.594571559284924e-05,0.00337676646178016,0.004722184898876007,9.1552734375e-05,0.01971435546875,0.01971435546875,0.0046439628482972135,保留
cycle_003367_NORMAL.wav,C:\Users\Z0343409\OneDrive - ZF Friedrichshafen AG\Desktop\实验音频\cangku\realtime_wav\normal\cycle_003367_NORMAL.wav,44100,8.0,1.4638060904545275e-05,0.003404214974643559,0.004299981350642512,6.103515625e-05,0.0234375,0.0234375,0.0026041666666666665,保留
cycle_003401_NORMAL.wav,C:\Users\Z0343409\OneDrive - ZF Friedrichshafen AG\Desktop\实验音频\cangku\realtime_wav\normal\cycle_003401_NORMAL.wav,44100,8.0,1.4682177312000822e-05,0.0033405277141131035,0.004395167042012965,6.103515625e-05,0.022003173828125,0.022003173828125,0.0027739251040221915,保留
cycle_003423_NORMAL.wav,C:\Users\Z0343409\OneDrive - ZF Friedrichshafen AG\Desktop\实验音频\cangku\realtime_wav\normal\cycle_003423_NORMAL.wav,44100,8.0,1.472257593182135e-05,0.0034149017702130007,0.004311273624395658,6.103515625e-05,0.024078369140625,0.024078369140625,0.0025348542458808617,保留
